id,title,category,source_type,confidence,date,source_name,url,summary
"ambio-research-nature-medicine-2024","Magnesium-ibogaine therapy in veterans with traumatic brain injuries","Studies and papers","Peer Reviewed Observational Study","Peer-reviewed source","2026-05-30T16:03:37.335Z","Nature Medicine","https://www.nature.com/articles/s41591-023-02705-w","Prospective open-label observational study of 30 male special-operations veterans who independently received magnesium-ibogaine treatment at Ambio Life Sciences in Mexico, with Stanford assessments before and after. The paper reports large short-term improvements and no unexpected serious adverse events, while stating that controlled clinical trials are needed."
"ambio-research-nature-mental-health-2025","Magnesium-ibogaine therapy effects on cortical oscillations and neural complexity in veterans with traumatic brain injury","Studies and papers","Peer Reviewed Observational Study","Peer-reviewed source","2026-05-30T16:03:37.335Z","Nature Mental Health","https://www.nature.com/articles/s44220-025-00463-x","Follow-up Nature Mental Health article on EEG and neural-complexity measures in the same broad magnesium-ibogaine veteran TBI research lane. It reports neurophysiological changes after treatment and states that controlled trials are needed to confirm findings."
"ambio-research-frontiers-ms-2026","Case report: Significant lesion reduction and neural structural changes following ibogaine treatments for multiple sclerosis","Studies and papers","Peer Reviewed Case Report","Case report","2026-05-30T16:03:37.335Z","Frontiers in Immunology","https://www.frontiersin.org/journals/immunology/articles/10.3389/fimmu.2025.1535782/full","Two-patient case report involving Ambio-affiliated authors and Ambio treatment records. Treat as preliminary case-report evidence with prominent conflict-of-interest and funder-involvement labels, not proof of efficacy."
"source_radar-SWJvZ2FpbmUgZm","Ibogaine for the treatment of Parkinson's disease: a case report","Studies and papers","Peer Reviewed Case Report","Case report","Jan 6, 2026","source_radar","https://ourarchive.otago.ac.nz/esploro/outputs/journalArticle/Ibogaine-for-the-treatment-of-Parkinsons/9926827043801891?institution=64OTAGO_INST","Track as exciting but very preliminary. One patient, low-dose course, validated PD instruments, no adverse events recorded, sleep worsened; not efficacy proof."
"source_radar-QWNjZWxlcmF0ZW","Accelerated recovery using magnesium ibogaine: subjective experience analysis","Studies and papers","Peer Reviewed Study","Peer-reviewed source","2026","source_radar","https://www.nature.com/articles/s44184-026-00185-7","Qualitative analysis from the 30-person MISTIC veteran cohort; interpret alongside open-label design limits."
"source_radar-TXlzdGljYWwgZX","Mystical experiences during magnesium-Ibogaine associated with PTSD symptom improvements in veterans","Studies and papers","Peer Reviewed Study","Peer-reviewed paper","2026","source_radar","https://pubmed.ncbi.nlm.nih.gov/41265656/","Track as 30-male-veteran secondary analysis from MISTIC; association does not prove mechanism or general efficacy."
"source_radar-TWFnbmVzaXVtLW","Magnesium-ibogaine therapy effects on cortical oscillations and neural complexity","Studies and papers","Peer Reviewed Study","Peer-reviewed source","2025","source_radar","https://www.nature.com/articles/s44220-025-00463-x","Track as follow-on analysis from the veteran TBI research line."
"source_radar-RWZmaWNpZW50IG","Efficient and modular synthesis of ibogaine and related alkaloids","Studies and papers","Peer Reviewed Study","Peer-reviewed source","2025","source_radar","https://www.nature.com/nature-index/article/10.1038/s41557-024-01714-7","Important for supply, analog research, and non-plant-derived chemistry coverage."
"latest_scan-VGV4YXMgdG8gbG","Texas to launch independent psychedelic study after drug companies miss mark - FOX 7 Austin","Studies and papers","Journalism","Primary-source record","Apr 1, 2026","FOX 7 Austin","https://news.google.com/rss/articles/CBMiqAFBVV95cUxQb0VTbndHVjBhVzdxc3NYTXZyMk5Qcnd3X2Zuak10QmFGVnhxclFPUzZFTXdWbGpoclhRVHhhNjZod3R3dXZ2Z19BS0ZsTTVSaEtPZEVmQUV0cU5LT2Zudmpvd2hmWk9PbWU2NDZqWVp5Yk1fWmQwbE1TTEtTN0ZTaUtsYlZ4R2o4VDJnbUxiWU9UelkzVkdXRndZelRiU05RTkNQaHhxcUTSAa4BQVVfeXFMUG5lbE1Rd0pEeHdRclp4djZoR1ROUm9ZcWZjUjR1WHB2U3Nla29paHVVUVR4X2tqRHhRNzdlV2V1YXRNZWxJVjRIbkc2MnlOclJ2SG9xcW1tVEtVSkY2ZHV4U0VoVk5ObmxnejFhT005UFJBbzFCbkdvODFTM25SallUb0JFbTZCNEVqbGdyckVCMUU0TVpvSDBmUFA2U3kzV1pERnRIT25Vb2ZPclh3?oc=5","Research source from FOX 7 Austin. Study design, sample size, limitations, and safety signals matter."
"latest_scan-TGVnaXNsYXRpdm","Legislative updates in Mississippi, West Virginia, Oregon, and New Hampshire; Fast-tracked federal approval of Compass's synthetic psilocybin was vetoed; Federal bill proposes VA study psychedelics - The Microdose | Substack","Studies and papers","Journalism","Primary-source record","Feb 6, 2026","The Microdose | Substack","https://news.google.com/rss/articles/CBMiekFVX3lxTE9DUmtrSU1jcEdXUEIyVVZmYzBNdUxnb1M0S01PeUZkOVU4XzcwVW1fV0p5MmtHcGMxWFhqbkNKS3l4anhmd291RU9zcHRCQzNUZzF2OUMwUXNWRXNhamsyam95cW03VUxucUVjM3d5UHkwWEN2eHpXWU9B?oc=5","Research source from The Microdose | Substack. Study design, sample size, limitations, and safety signals matter."
"latest_scan-VmV0ZXJhbnMgU2","Veterans Say an Illegal Psychedelic Drug Is Helping Them. Now Mississippi Wants to Study Ibogaine. - Mississippi Free Press","Studies and papers","Journalism","Primary-source record","Mar 17, 2026","Mississippi Free Press","https://news.google.com/rss/articles/CBMizwFBVV95cUxORkNGcG1CRjZHa29vNTZ2Qi1yUHJmNzNxRzFXakFFRVY4TEIwNnp1WnNqSjB1M2s4cXJvRGo2R1JTYUpNcUQ3Uk00X2JxMHVuS2VSN3dQSGhSamwxb0RmZnRFQkpNWUhDRWR4c09KWjRfcUJCc2h1MVFHTWV4YXlvUDBWNk9fVGJESEtXRGJ4WHhWUllRMWpiRHFMcllNZk9ZdWliamIyTnE2TjMyY2MxVjlsN2YwNkszdHVoeC1GUlRqX1NSN2FEMmc4N0dxMU0?oc=5","Research source from Mississippi Free Press. Study design, sample size, limitations, and safety signals matter."
"latest_scan-U3R1ZHkgSWRlbn","Study Identifies Compounds Similar to Ibogaine That May Improve Treatment of Opioid Addiction - Association of American Universities (AAU)","Studies and papers","Journalism","Primary-source record","Jun 13, 2023","Association of American Universities (AAU)","https://news.google.com/rss/articles/CBMiswFBVV95cUxPb1Y4NTJpYmV6aElFMG1Fa2NVMzJydDVtdmZlNnRKcVlwWldMQXZlVjBNMXpycUlxaldYMERUZHhkR25Ha2VNcmZiSGxFekR3bkF4Wmx4dDVVS0kwT0tnMk95ZkVFMnZUejJSNkdfcDFHVEpiWjhjMXNCWVN5aVBXczBJbVZkd3lrQy0zUElHeTNyWEVUSFNIell0SkdSd3F3M2IyelRjMGM1RGlLeXdQQmhiVQ?oc=5","Research source from Association of American Universities (AAU). Study design, sample size, limitations, and safety signals matter."
"latest_scan-UHJvdGVjdGl2ZS","Protective effect of the aqueous extract of Tabernaemontana stapfiana (Apocynaceae) stem bark against monosodium glutamate-induced neurotoxicity in Swiss albino mice.","Studies and papers","Peer Reviewed Study","Peer-reviewed paper","Jun 1, 2026","IBRO neuroscience reports","https://pubmed.ncbi.nlm.nih.gov/42063982/","Research source from IBRO neuroscience reports. Study design, sample size, limitations, and safety signals matter."
"latest_scan-UmFyZSBidXQgcm","Rare but relevant: Ibogaine and cardiovascular complications-prolonged QT interval and ventricular arrhythmias.","Studies and papers","Peer Reviewed Study","Peer-reviewed paper","Jun 1, 2026","Addiction (Abingdon, England)","https://pubmed.ncbi.nlm.nih.gov/41560340/","Research source from Addiction (Abingdon, England). Study design, sample size, limitations, and safety signals matter."
"latest_scan-RXhwbG9yaW5nIH","Exploring the Use of Ibogaine in Opioid Recovery: Insights from Lived Experience.","Studies and papers","Peer Reviewed Study","Peer-reviewed paper","May 22, 2026","Journal of psychoactive drugs","https://pubmed.ncbi.nlm.nih.gov/42171381/","Research source from Journal of psychoactive drugs. Study design, sample size, limitations, and safety signals matter."
"latest_scan-SWJvZ2FpbmUgaW","Ibogaine in the Treatment of Alcoholism: an Open-label Escalating-dose Trial","Clinical trials","Clinical Trial Registry","Registry record","Dec 15, 2017","ClinicalTrials.gov","https://clinicaltrials.gov/study/NCT03380728","COMPLETED"
"latest_scan-RnJvbSBtb25vdG","From monotherapy to sequential models: An updated scoping review on ibogaine's role in treatment for psychiatric disorders.","Studies and papers","Peer Reviewed Study","Peer-reviewed paper","May 12, 2026","Journal of psychopharmacology (Oxford, England)","https://pubmed.ncbi.nlm.nih.gov/42117212/","Research source from Journal of psychopharmacology (Oxford, England). Study design, sample size, limitations, and safety signals matter."
"latest_scan-RGV2ZWxvcG1lbn","Development of Bioisosteres of Iboga Alkaloids: A Step-Economical Synthesis to Enhance the Antinociceptive and Anxiolytic Activity with Neuroprotective Effects.","Studies and papers","Peer Reviewed Study","Peer-reviewed paper","May 8, 2026","ACS pharmacology & translational science","https://pubmed.ncbi.nlm.nih.gov/42130713/","Research source from ACS pharmacology & translational science. Study design, sample size, limitations, and safety signals matter."
"latest_scan-T3JhbCAxOC1tZX","Oral 18-methoxycoronaridine activity in simian and murine Leishmania amazonensis infection.","Studies and papers","Peer Reviewed Study","Peer-reviewed paper","2026","Frontiers in pharmacology","https://pubmed.ncbi.nlm.nih.gov/42038284/","Research source from Frontiers in pharmacology. Study design, sample size, limitations, and safety signals matter."
"latest_scan-VW5sb2NraW5nIH","Unlocking the cytotoxic potential of Apocynaceae monoterpene indole and bis-indole alkaloids: a review.","Studies and papers","Peer Reviewed Study","Peer-reviewed paper","Apr 6, 2026","Natural product research","https://pubmed.ncbi.nlm.nih.gov/41941660/","Research source from Natural product research. Study design, sample size, limitations, and safety signals matter."
"latest_scan-VGFiZXJuYWVtb2","Tabernaemontana catharinensis: A Source of Indole Alkaloids With Potential Activity as Chemotherapeutic Agents.","Studies and papers","Peer Reviewed Study","Peer-reviewed paper","Apr 1, 2026","Chemistry & biodiversity","https://pubmed.ncbi.nlm.nih.gov/42026976/","Research source from Chemistry & biodiversity. Study design, sample size, limitations, and safety signals matter."
"latest_scan-VVMgc3BlZWRzIH","US speeds up research into mind-altering drugs — including mysterious ‘ibogaine’ - Nature","News, articles, and blogs","Journalism","Primary-source record","Apr 21, 2026","Nature","https://news.google.com/rss/articles/CBMiX0FVX3lxTE8xTXBJVDQydmg2aHVIWVBwMmRoV1FrcFF2NFprMXZqaDdNMWN5RVRQZU1wdFFmdDFYalRXTW50dDlMdmJfVTNjS0ZCLTktNnRyNmt1ekdKeUEwV3duQTJ3?oc=5","News or commentary from Nature. Use it to understand public discussion and timing; verify important claims against primary sources."
"latest_scan-UHN5Y2hlZGVsaW","Psychedelic drug ibogaine hailed as healing. U.S. patients ask why it’s illegal. - The Washington Post","Companies and patents","Journalism","Primary-source record","Mar 14, 2024","The Washington Post","https://news.google.com/rss/articles/CBMijAFBVV95cUxPRXhLRDJMdHNUekwwQXMzQWs1MFp1TGRNSndtYVpIbVpXNHZ0amtzZXM0UFI3OEU0RC00YUtLdEo2N2xUV2M1NlZ3S2N0VVFMenV0ZExRZEw0aWFzWGpXdEd4RG05UXhPVjVObV80MEtmMUtlTFBaRUpXeXExZ1VKeDU2allYWjUyRUVZbg?oc=5","Company, patent, or biotech-field source from The Washington Post. Commercial claims need independent verification."
"source_radar-RkRBIGFsbG93cy","FDA allows early-phase noribogaine hydrochloride study for alcohol use disorder to proceed","Clinical trials","Regulatory Or Legal","Primary-source record","Apr 24, 2026","source_radar","https://www.fda.gov/news-events/press-announcements/fda-accelerates-action-treatments-serious-mental-illness-following-executive-order","Important policy and research signal. FDA permission to proceed is not approval, safety proof, or efficacy proof."
"source_radar-VVRNQiBIZWFsdG","UTMB Health and UTHealth Houston awarded $50M to lead ibogaine clinical trials","Clinical trials","University Release","University Release","Dec 12, 2025","source_radar","https://www.utmb.edu/news/article/utmb-news/2025/12/12/utmb-health--in-collaboration-with-uthealth-houston--awarded--50-million-by-the-state-of-texas-to-lead-ibogaine-clinical-trials","Track consortium members, trial registration, matching funds, and protocol publication."
"source_radar-SFJBIHN1bW1hcn","HRA summary for multiple ascending dose noribogaine PK/PD study","Clinical trials","Clinical Trial Registry","Registry record","2024","source_radar","https://www.hra.nhs.uk/planning-and-improving-research/application-summaries/research-summaries/multiple-ascending-dose-noribogaine-pkpd-study-in-healthy-volunteers/","NCT06480981; track trial status, design, endpoints, sponsor, and QT/cardiac monitoring language."
"source_radar-QSBzdHVkeSBvZi","A study of oral ibogaine in opioid withdrawal","Clinical trials","Clinical Trial Registry","Registry record","2024","source_radar","https://clinicaltrials.gov/study/NCT05029401","Track recruitment/status, sponsor, eligibility criteria, and posted results."
"latest_scan-TG91aXNpYW5hIG","Louisiana considers supporting clinical trials of ibogaine, MDMA, other psychedelics - Louisiana Illuminator","Clinical trials","Journalism","Primary-source record","May 18, 2026","Louisiana Illuminator","https://news.google.com/rss/articles/CBMifkFVX3lxTE1rNnhqZkFPTXljNmxpNzdvd3IzVU42M21MRlFUemc3Uk9PenYzMEZqU1hjVEFfenBDWnBFS2J0c2tEOHZLeHk5MW9Jek5XZWNqa0I3WmpFX25MdnE0SHM2YncxemlTdTk3RjRFVnBDbUM0UHNqWUxoaFRkOHl1UQ?oc=5","Research or trial-status source from Louisiana Illuminator. A listing or announcement does not prove safety, efficacy, approval, or availability."
"latest_scan-VGV4YXMgd2lsbC","Texas will fully fund clinical trials into the medical effects of ibogaine - KXAN Austin","Clinical trials","Journalism","Primary-source record","Apr 1, 2026","KXAN Austin","https://news.google.com/rss/articles/CBMiqwFBVV95cUxQaTBpdmNyZHJMSENHeWYwNlNhSTJVUVhuS05RNmdzRS1Hd0hxZDRXVWoxX1RwNmc1bDJWTHNvbjd4Q1ZOdFduWU91Ym4td0x0emlHeF9wZFhIWG9VbE84TGFBbDE5RW5kd3ctZkczMWtBNTlFdEJFY0RKN0lIckZpYnNQUWU0UDd4SVd5OXJON0QtaXlMZktZSkJOWFhua2xFcnFib3h3a0xjVnfSAbABQVVfeXFMTXJxZ3VnbGRCVU5JX0p5a0pRUDFQRExZSV9jUVQyUm0zbVZOSVpzN09rLVBTM2RoRTg1M05mZEs4VHM3aTItWWFka091c0p3bkFSY1NkSEdPSG5XaEVaQkZoQnc2V2w3NEpwbEhMOW16Tkp6d0RBYWIzNHFwT3JSWUZ0TXp6Zk1UVjNjdU5ET3hMcHhIMllNQjZhM2pQU0U1NVkySmRROHRkM2V3LW5KVjg?oc=5","Research or trial-status source from KXAN Austin. A listing or announcement does not prove safety, efficacy, approval, or availability."
"latest_scan-VmV0ZXJhbnMgQW","Veterans Affairs announces new MDMA clinical trial; Psilocybin’s antidepressant effects are both rapid and long-lasting - The Microdose | Substack","Clinical trials","Journalism","Primary-source record","May 29, 2026","The Microdose | Substack","https://news.google.com/rss/articles/CBMie0FVX3lxTFBMWXFYUm9aS09FeGtFbTZKU0FtNHplb3AweU4wRWJuQlRGdDd0QkE3LUFDR28yR3Q1bFBnRG5veE9OSkZWRlVaSEdodFRCQUM1YUtCSEFFRDZfallTQTI2cFIwMTdZRnYxclJSRk9EbzNxc1lhd3U1WkZkaw?oc=5","Research or trial-status source from The Microdose | Substack. A listing or announcement does not prove safety, efficacy, approval, or availability."
"latest_scan-VW5pdmVyc2FsIE","Universal Ibogaine appoints Julie Dumouchel to lead clinical trial and related projects of ibogaine-centered addiction treatment - Proactive financial news","Clinical trials","Journalism","Primary-source record","Mar 23, 2022","Proactive financial news","https://news.google.com/rss/articles/CBMiowJBVV95cUxPSk9URnliZnF3d1prSUFzc2dZOGhrelJ4aS1WRVQweXlBdGZ3Z01wRFdta3RxTUotUEs2TWlsbnBCQVZPYXRwbjczMEFKX09DdUxvWGpjLWRJQUVxeE5RMmlYbW5RV1BpZDR2YUtOVEl6bF8wUERHaTM0YzlNTXRrMTdmc2w1b2RkQVVFaGJoTFN4aEdZbFo3NVg2YndrTVI2aGx6U3V1TmJJYUR0RGlUMHRZTEZ5ZmlNRTVDTGlWaHM5VXo5bEVydFE5alR3R0NDTUczdVUwMjFWUGJLMkNxNDB5UjFpOHI0cE9yR0tLb2VtelNJaWFkdnpLY1A0bU82Rzd3T3doTGYzOFh0dEx4NHY5cTBRblQxbmQ3Skp1LWtRWDQ?oc=5","Research or trial-status source from Proactive financial news. A listing or announcement does not prove safety, efficacy, approval, or availability."
"latest_scan-WmFjaGFyeSBGZW","Zachary Federico Testimony in Maryland: Funding for Clinical Trials of Ibogaine - American Legislative Exchange Council","Clinical trials","Journalism","Primary-source record","Mar 2, 2026","American Legislative Exchange Council","https://news.google.com/rss/articles/CBMihwFBVV95cUxOSDJFOHZGYzRETFdjeVVQb1p1bkVMMnFaZFJZNDZyc29HMVJ1QVVaX2lYa3Q0WlBYVjVsbENJSDZkUW9xSHViTklCZVBFQWFPLTFaM0oyYWs4OUN3Z3VIZGc3WVBIUU9samFZSzhzQ1d2N215dU5ia0l2T01RejMzRFI4ZVZxbkE?oc=5","Research or trial-status source from American Legislative Exchange Council. A listing or announcement does not prove safety, efficacy, approval, or availability."
"latest_scan-TGVnaXNsYXRvcn","Legislators send bill to Reeves to fund ibogaine mental health clinical trials - Mississippi Today","Clinical trials","Journalism","Primary-source record","Mar 19, 2026","Mississippi Today","https://news.google.com/rss/articles/CBMifkFVX3lxTE9IWkRkNmtqekoyRzdndHNCME50NTBJNE05eFlxNTlTaVdmVm1JLWY5ZFoyZjJOTWNwRnlXQ2pJMEEzVWk4bWdMa29rZlBJMm5yOGgtMDdFdENvS0NsSGdyeko2S0tTWU1hRndWZWJrOGRRd19hYkE5RE5CaDFmQQ?oc=5","Research or trial-status source from Mississippi Today. A listing or announcement does not prove safety, efficacy, approval, or availability."
"latest_scan-R292ZXJub3Igc2","Governor signs Ibogaine clinical trial bill into law - Magnolia Tribune","Clinical trials","Journalism","Primary-source record","Mar 30, 2026","Magnolia Tribune","https://news.google.com/rss/articles/CBMilwFBVV95cUxOR2RCMUVaOVprNkdQTXNQSkYxRU9CbndmNEctNXRhRjROZHotRG12X3RvY0V3SFVTRWxjeTJkTzFYT2FwS201MzVSNDZpWkNzdHotZVZNTHBPRWtjektDbTFzV3pVb2RNM21zZmowTV9VbE03em9TYmVXMUx5R3JGdEl2VlA1RHFHUG1FU1VCWHZEU2U5cW1V?oc=5","Research or trial-status source from Magnolia Tribune. A listing or announcement does not prove safety, efficacy, approval, or availability."
"latest_scan-T2tsYWhvbWEgU2","Oklahoma Senate Passes Ibogaine Clinical Trials Bill, Awaiting Governor’s Signature - Hemp Gazette","Clinical trials","Journalism","Primary-source record","May 13, 2026","Hemp Gazette","https://news.google.com/rss/articles/CBMiigFBVV95cUxOVDlzWVFGZEhfcFc0Rk1fTmwzdnJDZmltYk5JS2F6ZlFiRzJJT2doZkpUWXVYLUNEMG1ZbHQyOXUyYlo1MVZ5VmFxd1JjeWFrWU1yZDROQTNfTzVPRTdxbnhFSGt6OWh0WmwyMzFScUJpRXpIYTRmUFVMbmVsSXVfa3hrSXFlakdlUVE?oc=5","Research or trial-status source from Hemp Gazette. A listing or announcement does not prove safety, efficacy, approval, or availability."
"latest_scan-QmxpbmRpbmcgSW","Blinding Integrity in Psychedelic Randomized Clinical Trials: A Systematic Review.","Clinical trials","Peer Reviewed Study","Peer-reviewed paper","Apr 15, 2026","JAMA psychiatry","https://pubmed.ncbi.nlm.nih.gov/41984443/","Research or trial-status source from JAMA psychiatry. A listing or announcement does not prove safety, efficacy, approval, or availability."
"latest_scan-UGVyc29uYWxpdH","Personality and Drug Use (PDU)","Clinical trials","Clinical Trial Registry","Registry record","Dec 17, 2021","ClinicalTrials.gov","https://clinicaltrials.gov/study/NCT05180149","WITHDRAWN"
"latest_scan-VHJpZmVjdGEgUm","Trifecta Research Study","Clinical trials","Clinical Trial Registry","Registry record","Jan 24, 2025","ClinicalTrials.gov","https://clinicaltrials.gov/study/NCT06810765","WITHDRAWN"
"latest_scan-UHJlbGltaW5hcn","Preliminary Efficacy and Safety of Ibogaine in the Treatment of Methadone Detoxification","Clinical trials","Clinical Trial Registry","Registry record","Jun 27, 2019","ClinicalTrials.gov","https://clinicaltrials.gov/study/NCT04003948","COMPLETED"
"latest_scan-UHJlLXBvc3QgRX","Pre-post Evaluation of the Safety and Efficacy of Ibogaine-Magnesium Therapy in Veterans With Repeated Blast Exposure","Clinical trials","Clinical Trial Registry","Registry record","Mar 16, 2020","ClinicalTrials.gov","https://clinicaltrials.gov/study/NCT04313712","ACTIVE_NOT_RECRUITING"
"latest_scan-TWFwcGluZyBJYm","Mapping Ibogaine Neural Dynamics in Opioid Use Disorder","Clinical trials","Clinical Trial Registry","Registry record","Oct 22, 2025","ClinicalTrials.gov","https://clinicaltrials.gov/study/NCT07226570","RECRUITING"
"latest_scan-TXVsdGlwbGUgQX","Multiple Ascending Dose Noribogaine PK/PD in Healthy Volunteers","Clinical trials","Clinical Trial Registry","Registry record","Jun 19, 2024","ClinicalTrials.gov","https://clinicaltrials.gov/study/NCT06480981","COMPLETED"
"source_radar-U2NpZW50aWZpYy","Scientific American evaluates public claims about Ibogaine for PTSD and depression","Laws and policy","Journalism","Journalism","Apr 24, 2026","source_radar","https://www.scientificamerican.com/article/rfk-jr-praises-ibogaine-for-depression-treatment-is-the-psychedelic-a-magic-bullet/","Use as claim-check context: promise exists, but 'most promising' or magic-bullet language is overstated; cardiac toxicity remains central."
"source_radar-VGV4YXMgR292ZX","Texas Governor signs SB 2308 ibogaine research law","Laws and policy","Government Release","Primary-source record","Jun 11, 2025","source_radar","https://gov.texas.gov/news/post/governor-abbott-signs-ibogaine-treatment-research-law-at-texas-capitol","Core policy tracker entry; connect to bill text, appropriations, grants, trial requirements, and oversight reports."
"source_radar-MjEgQ0ZSIDEzMD","21 CFR 1308.11 lists ibogaine as Schedule I","Laws and policy","Regulatory Or Legal","Primary-source record","current","source_radar","https://www.law.cornell.edu/cfr/text/21/1308.11","Primary U.S. legal-status entry; recheck eCFR/Cornell when making current legal claims."
"latest_scan-Q29sb3JhZG8gbG","Colorado lawmakers approve Ibogaine research bill - CBS News","Laws and policy","Journalism","Primary-source record","May 21, 2026","CBS News","https://news.google.com/rss/articles/CBMikgFBVV95cUxQSk4xYkVUUXU4dm5OTmhzeGZtVmdqb3U2aXZLdlY5SHhydGlrWVRYblh1NWp6U3FpTmFGRm9TeW80LXV1eTRjcmJUM3UwZmZETm5WSFBmSk5UVGpYd1p6RXU2azZMM3hJb25wWlptWEU3aDhEcTJMNGFaZGZyVG1kR1BNbUE2a0NnYURCX3p1Q0ctUQ?oc=5","Law or policy source from CBS News. Read the exact source before drawing legal conclusions."
"latest_scan-T2hpbyBsYXdtYW","Ohio lawmakers consider joining other states to test psychedelic-assisted treatments - Ohio Capital Journal","Laws and policy","Journalism","Primary-source record","May 13, 2026","Ohio Capital Journal","https://news.google.com/rss/articles/CBMixgFBVV95cUxPelJ1c3hVR3BHWDVOaTJLWFBVOXpnN1RlUHp4U0F0WThwQjFZOGVzU2JCRzFVRDNzWEZqTnRZRjlWckZkaXh4aGtGcml1b0t6TlZEQ3BLaTU4TzM4V1M5SHV6RTBBQnlVU0xiX201YUwxQ01IckwxeTNpckEydC0xSG1mWV9nOUR4RDc2ZWR6blFYM2tFWDAzSFNkQjNGQkhOYlhhNzVYRHdFRFNKTVk3MzY4S0pGVjFGY0JvSXkwNlhfcnBYWlE?oc=5","Law or policy source from Ohio Capital Journal. Read the exact source before drawing legal conclusions."
"latest_scan-SWJvZ2FpbmUgaX","Ibogaine is a banned hallucinogenic drug. Scientists believe it can help veterans overcome PTSD - BBC","News, articles, and blogs","Journalism","Primary-source record","May 15, 2026","BBC","https://news.google.com/rss/articles/CBMiogFBVV95cUxOU191SVo5NTJsZ0U1WEtMNEhTaWRwOVlBSFJPTzN5akdrcDkwUmZwbEVIUG84aGZ4VldtMTl4QUd2bmFmbXRHRVRwdW84ZFFUeXFQQndSX0tzTF9qNERiWGNUSE9nOVpvNk51U3hUODY4WG9HaWVlampxM2stTDNhZWduWGt3am1KclFwRzZSa2VTV05FT0ZYVTZKM1A2VFJaNlE?oc=5","News or commentary from BBC. Use it to understand public discussion and timing; verify important claims against primary sources."
"latest_scan-TWlzc2lzc2lwcG","Mississippi prepares for ibogaine research as federal order could accelerate plans - WLBT","Laws and policy","Journalism","Primary-source record","Apr 22, 2026","WLBT","https://news.google.com/rss/articles/CBMirAFBVV95cUxNNXN3Z2ZaOEZwX0w1YlVRV1FiQkdjV2pjSkhhSDlQNGlDLXBfZnZnSVVtb0gwbURhWTBUQlFYck5sZEpXeC03NjQ5c2FIcWZfZldNLVFHLXhfLUpYN0JtZkhDOEl2ZkZoTTNKMVM2ajlYTjdpTlZzQ3FacDFaclhvdmExUnNoTTVRYnQ4QW9TRWdiRlppZ1lxbEtXVUM1cUIyUEhSYzZ5bzQyY3Az0gHAAUFVX3lxTE1fbkd5THNwd1cxUVRSM3lNcWNjSnNNVnR0Q29yUERUbmdhdXlaLTNEN3NzM1otc2htb3N5V0RIUEFlTmxCODkzVkhpRENvRDhfNlAyVjh0WDNiNnktdDZwbnpnYTNTenRzRGZ6Y1dMQVFnak1sQkNJdTZTSmNWcFFBSEsxNDVjVy12THRiSFljT3Z0WmVnUmFRYldNZTNHY2xJMkZyRUktQXlnUUo0eFNlbUg5ci1SQkNqcFYtWm5Fcg?oc=5","Law or policy source from WLBT. Read the exact source before drawing legal conclusions."
"latest_scan-QSBOZXcgRXhlY3","A New Executive Order on Psychedelics: Q&amp;A with I. Glenn Cohen and Mason Marks - Petrie-Flom Center","Laws and policy","Journalism","Primary-source record","Apr 18, 2026","Petrie-Flom Center","https://news.google.com/rss/articles/CBMiwAFBVV95cUxNMXhXLVp2ZThnNHgxX2Q4b0tyOG5iRmQ1RnhlWjlsc0JyODl2QTI1dzR5bk9UM1lKZW5rSWI2QzdXcE40ZUo4eVpGOU14MkxWMVBlM0ZkTHJwdHpNN3N1Z0RXNjNTUWwxaVhYMk1NbVljMW0xb2QwYVpNSzBCWU5jZzVVM2xNU1F0ZjhDT3JJN0w1RWVPb2NkVVlSVWk0blV5YkNjaFByMF9EZlhoMHR1eGE5TGZzZnVVZ3FOTlkwWVQ?oc=5","Law or policy source from Petrie-Flom Center. Read the exact source before drawing legal conclusions."
"latest_scan-VHJ1bXAgc2lnbn","Trump signs order to accelerate access to psychedelic drug treatments - The Japan Times","News, articles, and blogs","Journalism","Primary-source record","Apr 19, 2026","The Japan Times","https://news.google.com/rss/articles/CBMiogFBVV95cUxQbzRxb0FPNDFZNG4zN19BaVEzSFhlUmk0eDUzeTBPa0tLVkw5LUczZk85SWxOVTV0azhZaFBsdXhJWXdSTXZGdVo0Ql9NeUJFZ1lUc2FwNlo3NXFMdGkySzhfak9VYmM4Mkw1ZUV1UEZRMTNxMnliS1huemFlVVZpNEwxVG9qUjI5Y1JRM1JLQ3ZqWUdmNE5OVFZxM1FqUUhhWEE?oc=5","News or commentary from The Japan Times. Use it to understand public discussion and timing; verify important claims against primary sources."
"latest_scan-THQuIEdvdi4gRG","Lt. Gov. Dan Patrick and Speaker Dustin Burrows Joint Statement on Ibogaine Program Progress - ltgov.texas.gov","Laws and policy","Journalism","Primary-source record","Mar 31, 2026","ltgov.texas.gov","https://news.google.com/rss/articles/CBMiygFBVV95cUxOQXNXUTZCN2pDMklRMEt2dC13alVQTlN4LXEtNEhKRFgzZkRveDlyemVjeXRqZGRCeTJ0cDFvRnZfSG1ySTZUbVRqTzYyRFUwYjhqRWZfNDdScmxVM0R6V3FTMW1kLS1EbXluU2lkTVVYcWpTTUxrajl5OUl1R2JfWW9rN29seWZXVTd1dTFHNkdxaEloRzZicmJ6V1hxMm5Qeks0cGpQT3M2dWJIOWl6QnJvdHo5M2pSc05QWXpaOFc4MmR6alAzM2VB?oc=5","Law or policy source from ltgov.texas.gov. Read the exact source before drawing legal conclusions."
"latest_scan-VHJ1bXDigJlzIH","Trump’s psychedelics executive order and how Texas inspired (and may benefit from) it - The Microdose | Substack","Laws and policy","Journalism","Primary-source record","Apr 24, 2026","The Microdose | Substack","https://news.google.com/rss/articles/CBMie0FVX3lxTFBsanJJZk9QOXZMd0xsZUJqUXpvN2l6V0d4em8yeHVMMUIyc2tHeU41MDlGdElyem1FXzdtTzY2UTJqUHNUNUxNd3h2Y1dkcU4tOUg5TUl3ZnpJdll4TVBaRFhrYjNPZDVhMU5GdnJrWVhIWkptQTJzaE5pNA?oc=5","Law or policy source from The Microdose | Substack. Read the exact source before drawing legal conclusions."
"latest_scan-SHV4bGV5IEhlYW","Huxley Health Inc. Introduces Aerasyn Biotech Division, Expands Leadership and Scalable IP Platform, Engages Capital Partner for Up to $15M Financing and Prepares to Go Public Amid Growing U.S. Policy and Public Discourse on Psychedelics - TMX Newsfile","Laws and policy","Journalism","Primary-source record","Apr 20, 2026","TMX Newsfile","https://news.google.com/rss/articles/CBMijwNBVV95cUxOUjhxSTI3RzZsYTBxZ3YwRmxRUjJ5aGJuUGtzS0p5M3U4Q2IyWV9DdzZwY0ZRbmZqck5EcXJ3cG9McUQ1OUkybFN4SkNtd3V6czNlaDRtV2V5NTlkUWMtbExVZXFNbVd1aGNtbDFkeHhGTXFvOXhORTNwMU9xb3dxTkhBbDEwS0UyNko0TWRrNjJLdGhaMFE3QnBIZ3Y2ZUJ4c2ZjYTVUQzZVQ3J3X2lxaldoOTdPTHdqWXpzYmktR3VvcWZrMVFBOFJNakl1MlhiTkszTnhMNDB0bUxYXzdreHZUYjJNZXVVSEotVnNzRVk0LXRwbmQ1b19KT2NzaW55Uk1wWjJrVVFfVUhQRE9HNzZ2dTRaTXRENGpLOUhsS05jNEdRQmdWOTByRWV0dnpmSWpCVGZ2U2FxNFJTUzhZU3gwZEtyZThsM0duUlNBQ3FDNVlQa2k2TUgyWlhCTElEbzlxQWZhZUdsaUhyQ013c1FwakFpODlaaUdzRWJObE55ajFZU29mbl9UQUpoVFk?oc=5","Law or policy source from TMX Newsfile. Read the exact source before drawing legal conclusions."
"latest_scan-SWJvZ2FpbmUgcm","Ibogaine research faces supply shortages; Psyence says doses are ready - Stock Titan","News, articles, and blogs","Journalism","Primary-source record","Apr 20, 2026","Stock Titan","https://news.google.com/rss/articles/CBMivAFBVV95cUxPaklZWEZoTEpvZXJXazJNTkotYVpmUzlwMVFmdElhOEpqa2RmbURaUTlLbkJsbzZUSWFvdDRNUDRPQS1LVWhjcHhILWpHR2loNFhfUE5LNDYzdmdnckkybTlKS2xycXNMaldlLXZtQXMxZGpWSDdaYWdFMGU3UDBnOUczVHg4akZMRE5lOVpuamxRMUFiMmg4R3MxSEZ3OU5aaWR2X2t6Q1NMNTFVNnFBVXRqeHZHb0o1ZWY5TQ?oc=5","News or commentary from Stock Titan. Use it to understand public discussion and timing; verify important claims against primary sources."
"latest_scan-Q29sb3JhZG8gTG","Colorado Legislature Passes Landmark Ibogaine Research Bill, Expanding the State's Natural Medicine Framework - Vicente LLP","Laws and policy","Journalism","Primary-source record","May 14, 2026","Vicente LLP","https://news.google.com/rss/articles/CBMi1AFBVV95cUxOVklMU3pmTk5hOFRmMTZKQXRNVC1EQmR3UF95RjJUZ2FNaEd5MjNRRnpjT1F5S1dIZFlOOFZFaWxqcndzTWV0THl5c1Z3MjFYOEVqUVFQSHozVTEzc2ZsZTQ1TmJaR2h3NUpXNFFWZXNxQ2RrOWs0WjY4N0oydzF4TUIxcldMZnVWSWtsMVdzVjZ4aGhjVDZfcldDa1R2Qk01WWNVNUJ4eDBPN2xMVFdSQkEyeVNrU3JPSDVPQjBUUGtCSGpZV0owSUt0UVk0M2wyMjdfVQ?oc=5","Law or policy source from Vicente LLP. Read the exact source before drawing legal conclusions."
"latest_scan-T2tsYWhvbWEgTG","Oklahoma Lawmakers Pass Ibogaine Bill, Sending Psychedelic Reform To Governor’s Desk - Marijuana Moment","Laws and policy","Journalism","Primary-source record","May 12, 2026","Marijuana Moment","https://news.google.com/rss/articles/CBMitgFBVV95cUxOdE5xdlRiemJDNmdrMEJFZWJXc3M3V0Iwd09UTWRyWnRvb0pPdzF0WEdPdEhlWW5pT0t6SE85aWpTUzlnOGJyT0FxSTNWdlpVZ1huS0ZERzhVd3FkamJTZ3JRSTU1VUFIb0ZPb0RGbmdrLVJnbDJSVmNWblhfTGU0eU50RGcyamQ1aFRWQXplX0dvVXIyQ2FxZVl3N2xlZ3JjNEwxcnBEU1lXVkc0QXBhS2hkTTNQZw?oc=5","Law or policy source from Marijuana Moment. Read the exact source before drawing legal conclusions."
"latest_scan-Q29sb3JhZG8gSE","Colorado HB 26-1325: Ibogaine Takes Center Stage in Colorado's Natural Medicine Program - Vicente LLP","Laws and policy","Journalism","Primary-source record","May 21, 2026","Vicente LLP","https://news.google.com/rss/articles/CBMiugFBVV95cUxPa3VFV0w3REFGb3RKV2RlR21KX2hEMTJmdDJpNG82aVBQMEptaXRfclFqMEg1S0lGdXFHSkoxbFRfU3pnTmZfemVCWDQyUDBHZjRSSUtNbTdBN0xIVkdKZWRQVzNNZ3NaWFJVd3RzZC1sRFBRWHZqazVDTnJfOWpqcnJmdGNvWG5OSzFPbzRYendBVGpVWW5BR0lienpGNGwtWG9tcjFmVlBoZ1VHS2UzLTY5aXotOWo0cmc?oc=5","Law or policy source from Vicente LLP. Read the exact source before drawing legal conclusions."
"latest_scan-VHJ1bXAgb3JkZX","Trump orders more access to psychedelics like LSD, psilocybin and ibogaine - The Washington Post","Laws and policy","Journalism","Primary-source record","Apr 24, 2026","The Washington Post","https://news.google.com/rss/articles/CBMilAFBVV95cUxPYmFsY0NaTUUzeTdKT1dQeWtELXdIcURPMTZQWGJ4WmlfQm14QnF5eGdXYzhZTExtUm9hTUZVWUJTalEtR1JZdndOZkVnM0duRV9jRnZVd3ZXd3lCYkh5dWtVUmtKejZlVUhxSDdFeXRKLXJuWXlrd1JlMTBIVk1yNTRLcVF3S0g3Qi05a0lhNFBjS3pk?oc=5","Law or policy source from The Washington Post. Read the exact source before drawing legal conclusions."
"latest_scan-V2hhdCB0byBLbm","What to Know About Trump’s New Executive Order on Psychedelic Drugs - Time Magazine","Laws and policy","Journalism","Primary-source record","Apr 22, 2026","Time Magazine","https://news.google.com/rss/articles/CBMijAFBVV95cUxPYnVFbjl3bGI1bVFhNm91UFIwVjlQZEJidVotdEp2NjRGRFdFM3BPMDBHOUR6aExOeDFwQmhiSjhTRTBGVkdheTZIOWphMUpVV2FlTjNRa3ZDb1BIdjRsemxPd2pQR3NKakFpMGwzWncyMUZkVkdBWG85ZkdodF9KV1NUT182SkhQNTF4OQ?oc=5","Law or policy source from Time Magazine. Read the exact source before drawing legal conclusions."
"latest_scan-QnVzaDogSWJvZ2","Bush: Ibogaine saved my family - A Mississippi veteran’s perspective - Press Register","Laws and policy","Journalism","Primary-source record","May 26, 2026","Press Register","https://news.google.com/rss/articles/CBMiowFBVV95cUxNNFNPZFJxNEpRMk9LdGF6RUxPVHNQWGVXUEplT3hPN01EcDB3YTA0WVB0WVh3TXQ0WnE3UW1lY1dIRTNOanh3eGtyVVBKQkRXM2xfTjBZQmVxX1Exbzd2ekRVOGktRldGYWRzdmVNMHN2OHVIMF9TMUFRcWdxeXljemtFSkZCbHJoTXYyXzRXdUFvZFVsN0lDc3I5STAtRUNLZlFJ?oc=5","Law or policy source from Press Register. Read the exact source before drawing legal conclusions."
"latest_scan-U2VuYXRlIHBhc3","Senate passes legislation to fund ibogaine research - Mississippi Today","Laws and policy","Journalism","Primary-source record","Mar 5, 2026","Mississippi Today","https://news.google.com/rss/articles/CBMigwFBVV95cUxQbktzQm9pd3pVMlBHWVpjajV5SmhIOG1Cb29nVVBvRzBuZzd1M3l1TDRXcFlrNW13MjNmb2h2QUU0cTctYjNYTUZOUVdFQ0t3d1kzWFJxa2oyM2pjOXp6SjV0UkdoWUg0LTRpMWp0ZWxIN1E1NjNXUlFtLUJ5Ul9kSWtPaw?oc=5","Law or policy source from Mississippi Today. Read the exact source before drawing legal conclusions."
"latest_scan-VGhlIHBzeWNoZW","The psychedelic ibogaine can treat addiction. The race is on to cash in - The Guardian","Clinics","Journalism","Primary-source record","Jan 24, 2023","The Guardian","https://news.google.com/rss/articles/CBMimwFBVV95cUxPMTNTTDhNdjJoaVdWZ0JiMWI1SnA1U3VLWlAtNzlIRldRZ3RscFlJaTJVbkJsZHdEdVRHN2I0QXlCeDhEX0ZLNk15Um9CZUNaTFRVeEhsdXotYUlOaG1GNGVTTXJIUEduQVVDNVhlVzhSa1B5akE1dVFXYTJraDJNMFA2LWtDblpxSlR6SFpsZjhId2dlZzF1YzZoZw?oc=5","Clinic-claim monitoring entry. IbogaBase does not endorse clinics or provide referrals."
"latest_scan-SWJvZ2FpbmUgVG","Ibogaine Therapies in Costa Rica Under Scrutiny After Tourist Death - The Tico Times","Laws and policy","Journalism","Primary-source record","Aug 26, 2024","The Tico Times","https://news.google.com/rss/articles/CBMiogFBVV95cUxOVFU0NzRaTDZVM0x5S2k0ek1WbS1mcU04Q1hVV2pvZ0JOeXFYRzh1YUJtRDBmUG0tVU1yYzNTMXk5V0k0bDF1djFYcmZIMVVJT0NYZXVkdzNjWXd4OW94SlVHbWRyWTdQeW40eHZTX2FVVW9IWkRiclBHSUlIbDlqYjcwSXRSaXV5dVIyNVc0VTVEeDUtdDkyNzFhdUVJbi1acXc?oc=5","Law or policy source from The Tico Times. Read the exact source before drawing legal conclusions."
"latest_scan-RkRBIGV5ZXMgZX","FDA eyes expanding testosterone therapy for libido - statnews.com","Laws and policy","Journalism","Primary-source record","Apr 17, 2026","statnews.com","https://news.google.com/rss/articles/CBMilwFBVV95cUxQcGVsRGF4N3dycWY5VkE1aEpXaEhfUk9abk1vYmlmdFMwemNyeWFVQUtYUVJMdkhtM3pWU3ZEY3hHVV9uUkhONlpPSkhvUzRRcEJtTkdRR01DTzBGUE01WFQ3bU1nSVdXc2o0OFpIMkYzcVJiTDdOcXRON09ZVk8wZEsyeEdaRlVaaTBZZkw1QlhIUnRLZUNz?oc=5","Law or policy source from statnews.com. Read the exact source before drawing legal conclusions."
"latest_scan-Q29tcGFzcywgVX","Compass, Usona and Transcend score FDA national priority vouchers amid Trump administration’s psychedelic push - Fierce Biotech","Laws and policy","Journalism","Primary-source record","Apr 24, 2026","Fierce Biotech","https://news.google.com/rss/articles/CBMixgFBVV95cUxPaGZreG5ONno3a3pKVXRFR3lOYktjSTJhY25ETkQ3NjAtVGtOLXN5N2RodkcwbXhxRFhTb2p6bFVmYnJRR25VdG5sem1Nd3NTMkRvMDlFVjlQZlBLMWtXRy00cExIek5oZm9GQVZEd2tvVzBZaldjQzQwOHFLRi1aMjQ5SU9sMVk5Yk1Ma0NVLW5oclp0dkdRWnljMnFrSmFVMDlybllsRFh3QTJNbW1vZFNvb0N5WFZYaW9DMnZrdzQ4NVVCdmc?oc=5","Law or policy source from Fierce Biotech. Read the exact source before drawing legal conclusions."
"latest_scan-Q29sb3JhZG8gaG","Colorado has a chance to get ibogaine policy right - Colorado Newsline","Laws and policy","Journalism","Primary-source record","Feb 17, 2026","Colorado Newsline","https://news.google.com/rss/articles/CBMigAFBVV95cUxOTmxwTlVReHpCNTIxbmRTMl9HQi1tWmZHZjJRQ1E3M1ZPd2Q3Z2tlenNuMEVFeGNsVHNJM3VMbGh0b0tXSk5nZXlwT2U4UW9KZnNuUDlfcWxkU0FGX3NOd1Z3eVE5Vld0Uk84bjBhUWtfNklMaGZxRkZKNDVubHpkYw?oc=5","Law or policy source from Colorado Newsline. Read the exact source before drawing legal conclusions."
"podcast-apple-0001","The Neuropharmacology of Ibogaine","Podcasts and interviews","Podcast Interview","Media metadata","2026-05-30T16:03:37.335Z","Foodie Pharmacology Podcast","https://podcasts.apple.com/us/podcast/the-neuropharmacology-of-ibogaine/id1453126311?i=1000729058142","Covers neuropharmacology, addiction. This is a media source, not medical evidence."
"podcast-apple-0002","Fair Trade Ibogaine","Podcasts and interviews","Podcast Interview","Media metadata","2026-05-30T16:03:37.335Z","Altered States","https://podcasts.apple.com/us/podcast/fair-trade-ibogaine/id1749548410?i=1000668290837","Covers fair trade, culture, clinics. This is a media source, not medical evidence."
"podcast-apple-0003","Episode 872: Ibogaine - Inside a Treatment Facility","Podcasts and interviews","Podcast Interview","Media metadata","2026-05-30T16:03:37.335Z","Newt's World","https://podcasts.apple.com/us/podcast/episode-872-ibogaine-inside-a-treatment-facility/id1452065072?i=1000718046062","Covers clinic claims, treatment facility. This is a media source, not medical evidence."
"podcast-amazon-0001","Magic Frogs, Iboga and the Magic of Hallucinogens: a Conversation with Hamilton Morris","Podcasts and interviews","Podcast Interview","Media metadata","2026-05-30T16:03:37.335Z","Plants of the Gods","https://music.amazon.com/podcasts/8b5567d2-27f7-4662-8fad-c0681172385d/episodes/b004e00a-8114-48af-a76e-41fac8805629/the-plants-of-the-gods-podcast-plants-of-the-gods-s3e7-magic-frogs-iboga-and-the-magic-of-hallucinogens-a-conversation-with-hamilton-morris","Covers hamilton morris, hallucinogens. This is a media source, not medical evidence."
"podcast-apple-0004","Exploring Ibogaine: A Breakthrough in Addiction Therapy with Deborah Mash, PhD","Podcasts and interviews","Podcast Interview","Media metadata","2026-05-30T16:03:37.335Z","NewsRamp Psychedelics Podcast","https://podcasts.apple.com/us/podcast/exploring-ibogaine-a-breakthrough-in-addiction/id1751642702?i=1000660223474","Covers deborah mash, addiction. This is a media source, not medical evidence."
"podcast-apple-0005","One Dose That Heals Addiction, PTSD and Brain Injury","Podcasts and interviews","Podcast Interview","Media metadata","2026-05-30T16:03:37.335Z","The Dr. Hyman Show","https://podcasts.apple.com/us/podcast/one-dose-that-heals-addiction-ptsd-and-brain-injury/id1382804627?i=1000724720623","Covers addiction, ptsd, tbi, claim check. This is a media source, not medical evidence."
"podcast-apple-0006","Ibogaine: Safety, Ethics, and Emerging Neuroregenerative Science - A Conversation with Jonathan Dickinson","Podcasts and interviews","Podcast Interview","Media metadata","2026-05-30T16:03:37.335Z","Intonicated","https://podcasts.apple.com/us/podcast/intonicated/id1869470751","Covers safety, ethics, neuroregeneration. This is a media source, not medical evidence."
"ambio-news-cpr-2025","Psychedelic offers new hope for treating addiction","Podcasts and interviews","Journalism Interview","Journalism","2026-05-30T16:03:37.335Z","Colorado Public Radio","https://www.cpr.org/2025/07/28/psychedelic-ibogaine-addiction-treatment-interview/","CPR News interview with Jonathan Dickinson, identified as founder of Ambio Life Sciences. Useful for public-facing claims and policy context; statements in the interview should be treated as interview claims unless independently supported."
"latest_scan-UG9kY2FzdGVycy","Podcasters, Presidents, and Psychedelics: How Joe Rogan Got Trump Into Ibogaine - Mother Jones","Podcasts and interviews","Journalism","Primary-source record","Apr 18, 2026","Mother Jones","https://news.google.com/rss/articles/CBMi2gFBVV95cUxNdjlLQUlCUFpLVnNNc001T1A4dGxHWjJyVjNvMGxlTDJRdjNLQUZoRjZRM0NQRUJwT2dXTHR4VThaNkxpUVlUTFVfcGNJN1ZrSVhDX1ZNNE15eGtIbW1rZk0tZHMxcWVMb2Nsb1V3cVdUR1lULU0xMUpNMjgtZkJQZTZNRE14NmR5M2ViZ0hkS0MyZU9NZHlsMjg1NU1JdjZpaTNOQi1jdDhYMEFlUFA5bDRjRjFfMU9BMUhTV0NvZUhDcTFXXy02Z3ozdUhsZHcyT3dDWkE4ekVyQQ?oc=5","Covers Podcasters, Presidents, and Psychedelics: How Joe Rogan Got Trump Into Ibogaine. This is a media source, not medical evidence."
"latest_scan-VGhlIElib2dhaW","The Ibogaine Journey: Death Of The Old Self","Podcasts and interviews","Podcast Interview","Media metadata","Feb 24, 2026","Activate & Illuminate with Melanie Wakelin","https://podcasts.apple.com/us/podcast/the-ibogaine-journey-death-of-the-old-self/id1795731622?i=1000751187610&uo=4","Covers The Ibogaine Journey: Death Of The Old Self. This is a media source, not medical evidence."
"latest_scan-T25lIERvc2UgVG","One Dose That Heals Addiction, PTSD, and Brain Injury? Dr. Nolan Williams on The Science of Ibogaine","Podcasts and interviews","Podcast Interview","Media metadata","Sep 3, 2025","The Dr. Hyman Show","https://podcasts.apple.com/us/podcast/one-dose-that-heals-addiction-ptsd-and-brain-injury/id1382804627?i=1000724720623&uo=4","Covers One Dose That Heals Addiction, PTSD, and Brain Injury? Dr. Nolan Williams on The Science of Ibogaine. This is a media source, not medical evidence."
"latest_scan-TWFyY3VzICYgQW","Marcus & Amber Capone: On Ibogaine, Veteran Suicide, PTSD Treatment & Brain Health","Podcasts and interviews","Podcast Interview","Media metadata","Apr 7, 2026","The Ultimate Human with Gary Brecka","https://podcasts.apple.com/us/podcast/marcus-amber-capone-on-ibogaine-veteran-suicide-ptsd/id1709740887?i=1000759991591&uo=4","Covers Marcus & Amber Capone: On Ibogaine, Veteran Suicide, PTSD Treatment & Brain Health. This is a media source, not medical evidence."
"latest_scan-IzIzODUgLSBSaW","#2385 - Rick Strassman","Podcasts and interviews","Podcast Interview","Media metadata","Sep 26, 2025","The Joe Rogan Experience","https://podcasts.apple.com/us/podcast/2385-rick-strassman/id360084272?i=1000728601890&uo=4","Covers #2385. This is a media source, not medical evidence."
"latest_scan-IzYyIC0gVG9iaW","#62 - Tobias Erny: Ibogaine for Parkinson's?","Podcasts and interviews","Podcast Interview","Media metadata","May 23, 2026","Ibogaine Uncovered","https://podcasts.apple.com/us/podcast/62-tobias-erny-ibogaine-for-parkinsons/id1656800662?i=1000769256250&uo=4","Covers #62. This is a media source, not medical evidence."
"latest_scan-RXAgMjgyIC0gTW","Ep 282 - Mark Gober | Ibogaine: A Brutal and Evolutionary Experience","Podcasts and interviews","Podcast Interview","Media metadata","Feb 15, 2026","Here For The Truth","https://podcasts.apple.com/us/podcast/ep-282-mark-gober-ibogaine-a-brutal-and/id1570026970?i=1000749823045&uo=4","Covers Ep 282. This is a media source, not medical evidence."
"latest_scan-QSBOYXZ5IFNFQU","A Navy SEAL Goes to Mexico to take Ibogaine","Podcasts and interviews","Podcast Interview","Media metadata","Oct 23, 2024","Altered States","https://podcasts.apple.com/us/podcast/a-navy-seal-goes-to-mexico-to-take-ibogaine/id1749548410?i=1000674122631&uo=4","Covers A Navy SEAL Goes to Mexico to take Ibogaine. This is a media source, not medical evidence."
"latest_scan-IzI0NzcgLSBSaW","#2477 - Rick Perry & W. Bryan Hubbard","Podcasts and interviews","Podcast Interview","Media metadata","Apr 1, 2026","The Joe Rogan Experience","https://podcasts.apple.com/us/podcast/2477-rick-perry-w-bryan-hubbard/id360084272?i=1000758690096&uo=4","Covers #2477. This is a media source, not medical evidence."
"latest_scan-NDgtSG91ciBNaX","48-Hour Miracle: Ibogaine's CURE For Addiction, Mental Health & Spiritual Crisis | W. Bryan Hubbard & Robert Gallery #496","Podcasts and interviews","Podcast Interview","Media metadata","Apr 16, 2025","Aubrey Marcus Podcast","https://podcasts.apple.com/us/podcast/48-hour-miracle-ibogaines-cure-for-addiction-mental/id521945322?i=1000703765459&uo=4","Covers 48-Hour Miracle: Ibogaine's CURE For Addiction, Mental Health & Spiritual Crisis | W. Bryan Hubbard & Robert Gallery #496. This is a media source, not medical evidence."
"latest_scan-IzYwIC0gQ2xhaX","#60 - Claire Weber: Re-mothering with Ibogaine","Podcasts and interviews","Podcast Interview","Media metadata","Apr 6, 2026","Ibogaine Uncovered","https://podcasts.apple.com/us/podcast/60-claire-weber-re-mothering-with-ibogaine/id1656800662?i=1000759880131&uo=4","Covers #60 - Claire Weber: Re-mothering with Ibogaine. This is a media source, not medical evidence."
"latest_scan-TWVkaWNhbCBEb2","Medical Doctor Shares Life Changing Ibogaine Treatment Stories","Podcasts and interviews","Podcast Interview","Media metadata","Apr 20, 2026","Optimal Performance","https://podcasts.apple.com/us/podcast/medical-doctor-shares-life-changing-ibogaine-treatment/id1004775385?i=1000762434894&uo=4","Covers Medical Doctor Shares Life Changing Ibogaine Treatment Stories. This is a media source, not medical evidence."
"latest_scan-VGhlIFNhZmV0eS","The Safety and Efficacy of Ibogaine Treatment for Trauma and Addiction","Podcasts and interviews","Podcast Interview","Media metadata","Dec 12, 2023","How To Heal Your Trauma with David Dardashti","https://podcasts.apple.com/us/podcast/the-safety-and-efficacy-of-ibogaine-treatment/id1716614797?i=1000640346803&uo=4","Covers The Safety and Efficacy of Ibogaine Treatment for Trauma and Addiction. This is a media source, not medical evidence."
"latest_scan-SGVhbGluZyBWZX","Healing Veterans Hearts: The Role of Ibogaine Therapy in Overcoming Trauma and Addiction","Podcasts and interviews","Podcast Interview","Media metadata","May 15, 2026","Healing Horizons: Ibogaine Therapy in Mexico","https://podcasts.apple.com/us/podcast/healing-veterans-hearts-the-role-of-ibogaine-therapy/id1781351851?i=1000767999699&uo=4","Covers Healing Veterans Hearts: The Role of Ibogaine Therapy in Overcoming Trauma and Addiction. This is a media source, not medical evidence."
"latest_scan-SWJvZ2FpbmUgZm","Ibogaine for Psychiatric Illness: Federal Policy Push Meets Safety Concerns - Medscape","Books and bibliographies","Journalism","Primary-source record","Apr 30, 2026","Medscape","https://news.google.com/rss/articles/CBMipwFBVV95cUxOX29ZTWsteE9BNTREb3E0VFZFeFZ2RHF6cnBRSDg5QVd4bW9ZTFFCcWVRTEROR0lQUDM2Z1lORGRZNFpJX0tHMHBPZVpkdTVCRnpXdF9BOUdScG5ia0NzUUp5RmdKY016STlTNldwNVAtdWVDX3pQQXA3RGRuZmJxdFVMRWR5VFJpZTJDOW0yLWhoa3poZUxjdjVqZ1R5bTdSMmV1QmRXUQ?oc=5","Book or bibliography source from Medscape. Interpret claims according to source type and evidence quality."
"latest_scan-T1BJT0lEIEFERE","OPIOID ADDICTION AND IBOGAINE FOR TREATMENT","Podcasts and interviews","Podcast Interview","Media metadata","Dec 9, 2021","Ibogaine Podcast","https://podcasts.apple.com/us/podcast/opioid-addiction-and-ibogaine-for-treatment/id1582622594?i=1000544409590&uo=4","Covers OPIOID ADDICTION AND IBOGAINE FOR TREATMENT. This is a media source, not medical evidence."
"latest_scan-IzU4IC0gTWlrZS","#58 - Mike Stratton: Is Ibogaine an Performance Enhancer?","Podcasts and interviews","Podcast Interview","Media metadata","Mar 6, 2026","Ibogaine Uncovered","https://podcasts.apple.com/us/podcast/58-mike-stratton-is-ibogaine-an-performance-enhancer/id1656800662?i=1000753675645&uo=4","Covers #58. This is a media source, not medical evidence."
"latest_scan-SG93IGlib2dhaW","How ibogaine could treat depression and anxiety | Nolan Williams","Podcasts and interviews","Podcast Interview","Media metadata","Dec 5, 2025","TED Talks Daily","https://podcasts.apple.com/us/podcast/how-ibogaine-could-treat-depression-and-anxiety-nolan/id160904630?i=1000739883625&uo=4","Covers How ibogaine could treat depression and anxiety | Nolan Williams. This is a media source, not medical evidence."
"latest_scan-SWJvZ2FpbmUgYW","Ibogaine and 5-MeO-DMT for addiction treatment with Garyth Moxey","Podcasts and interviews","Podcast Interview","Media metadata","Jun 18, 2024","Psychedelic Therapy Frontiers","https://podcasts.apple.com/us/podcast/ibogaine-and-5-meo-dmt-for-addiction-treatment-with/id1573959330?i=1000659386149&uo=4","Covers Ibogaine and 5-MeO-DMT for addiction treatment with Garyth Moxey. This is a media source, not medical evidence."
"latest_scan-V2hhdCBpcyBpYm","What is ibogaine, and why is it in the news?","Podcasts and interviews","Podcast Interview","Media metadata","Apr 29, 2026","Science Friday","https://podcasts.apple.com/us/podcast/what-is-ibogaine-and-why-is-it-in-the-news/id73329284?i=1000764351096&uo=4","Covers What is ibogaine, and why is it in the news?. This is a media source, not medical evidence."
"latest_scan-V2hhdCBUcnVtcO","What Trump’s New Ibogaine Order Means for Veterans, PTSD, and the Future of Healing","Podcasts and interviews","Podcast Interview","Media metadata","Apr 30, 2026","Healing Horizons: Ibogaine Therapy in Mexico","https://podcasts.apple.com/us/podcast/what-trumps-new-ibogaine-order-means-for-veterans-ptsd/id1781351851?i=1000766523662&uo=4","Covers What Trump’s New Ibogaine Order Means for Veterans, PTSD, and the Future of Healing. This is a media source, not medical evidence."
"latest_scan-MzYuIFNoIXR0aW","36. Sh!tting Yourself for Enlightenment. What is Ibogaine?","Podcasts and interviews","Podcast Interview","Media metadata","May 21, 2026","Wrong Way Forward","https://podcasts.apple.com/us/podcast/36-sh-tting-yourself-for-enlightenment-what-is-ibogaine/id1834728665?i=1000768852451&uo=4","Covers 36. Sh!tting Yourself for Enlightenment. What is Ibogaine?. This is a media source, not medical evidence."
"latest_scan-SWJvZ2FpbmU6IE","Ibogaine: A Psychedelic for Addiction Treatment and Brain Health - Mark Hyman, MD","Books and bibliographies","Journalism","Primary-source record","Feb 10, 2025","Mark Hyman, MD","https://news.google.com/rss/articles/CBMijwFBVV95cUxORmpScVVGT2o1YXcwczJvbW1XVHR5dFV3cjZneEtBS1RsUzJTcW1LbC1iYjl0NHRpSE9CSm5BdGxtNXlyTGM4blhlMmpaaVlMOTc5OUdVVFFkeWQ0QW1GUXppdUdwVlk3bUtldHFKWGpOZ2ZUeVRLSkFGdFJyTXN4UDJrRDI0MlNGYjFXQWhGaw?oc=5","Book or bibliography source from Mark Hyman, MD. Interpret claims according to source type and evidence quality."
"latest_scan-RGF2aWQgUnV0aG","David Rutherford Show: Trump Legalizes Ibogaine - Navy SEAL Tommy Aceto On Why This Changes Everything","Podcasts and interviews","Podcast Interview","Media metadata","Apr 29, 2026","The David Rutherford Show","https://podcasts.apple.com/us/podcast/david-rutherford-show-trump-legalizes-ibogaine-navy/id1807090449?i=1000764260372&uo=4","Covers David Rutherford Show: Trump Legalizes Ibogaine. This is a media source, not medical evidence."
"latest_scan-IzMgLSBJYm9nYS","#3 - Iboga or Ayahuasca","Podcasts and interviews","Podcast Interview","Media metadata","Jan 9, 2026","Get To The Root Iboga","https://podcasts.apple.com/us/podcast/3-iboga-or-ayahuasca/id1861195577?i=1000744509140&uo=4","Covers #3. This is a media source, not medical evidence."
"latest_scan-IzkgLSBJcyBJYm","#9 - Is Iboga Right For Me? | Readiness, Risks, and the Truth About Iboga","Podcasts and interviews","Podcast Interview","Media metadata","May 3, 2026","Get To The Root Iboga","https://podcasts.apple.com/us/podcast/9-is-iboga-right-for-me-readiness-risks-and-the/id1861195577?i=1000765913441&uo=4","Covers #9. This is a media source, not medical evidence."
"latest_scan-IzEg4oCUIEJ3aX","#1 — Bwiti, Iboga and Gabon: It's Happening Now with Patrick Moughenda Mikala","Podcasts and interviews","Podcast Interview","Media metadata","Jan 31, 2026","The Iboga Leadership Summit Podcast","https://podcasts.apple.com/us/podcast/1-bwiti-iboga-and-gabon-its-happening-now-with/id1873572601?i=1000747466873&uo=4","Covers #1 — Bwiti, Iboga and Gabon: It's Happening Now with Patrick Moughenda Mikala. This is a media source, not medical evidence."
"latest_scan-RVAwMjogQWxsIE","EP02: All About Iboga, with Bwiti Initiated Medicine Woman, Pamela","Podcasts and interviews","Podcast Interview","Media metadata","May 19, 2023","Plant-Allied Recovery Podcast","https://podcasts.apple.com/us/podcast/ep02-all-about-iboga-with-bwiti-initiated-medicine/id1715862854?i=1000634268632&uo=4","Covers EP02: All About Iboga, with Bwiti Initiated Medicine Woman, Pamela. This is a media source, not medical evidence."
"latest_scan-IzMg4oCUIEhlYW","#3 — Healing, Acceptance and Orientation with Spencer “Missambo” Burton","Podcasts and interviews","Podcast Interview","Media metadata","Feb 2, 2026","The Iboga Leadership Summit Podcast","https://podcasts.apple.com/us/podcast/3-healing-acceptance-and-orientation-with-spencer/id1873572601?i=1000747682200&uo=4","Covers #3 — Healing, Acceptance and Orientation with Spencer “Missambo” Burton. This is a media source, not medical evidence."
"latest_scan-IzQgLSBBbSBJIF","#4 - Am I Ready?","Podcasts and interviews","Podcast Interview","Media metadata","Jan 31, 2026","Get To The Root Iboga","https://podcasts.apple.com/us/podcast/4-am-i-ready/id1861195577?i=1000747479162&uo=4","Covers #4. This is a media source, not medical evidence."
"latest_scan-IzggLSBJYm9nYS","#8 - Iboga vs. Ibogaine","Podcasts and interviews","Podcast Interview","Media metadata","Apr 26, 2026","Get To The Root Iboga","https://podcasts.apple.com/us/podcast/8-iboga-vs-ibogaine/id1861195577?i=1000763714092&uo=4","Covers #8. This is a media source, not medical evidence."
"latest_scan-IzUgLSBJYm9nYS","#5 - Iboga Leadership Summit w/ Ryan ""Ghenigho"" Rich","Podcasts and interviews","Podcast Interview","Media metadata","Feb 1, 2026","Get To The Root Iboga","https://podcasts.apple.com/us/podcast/5-iboga-leadership-summit-w-ryan-ghenigho-rich/id1861195577?i=1000747576589&uo=4","Covers #5. This is a media source, not medical evidence."
"latest_scan-IzcgLSBCZSBZb3","#7 - Be Your Own Witness","Podcasts and interviews","Podcast Interview","Media metadata","Mar 8, 2026","Get To The Root Iboga","https://podcasts.apple.com/us/podcast/7-be-your-own-witness/id1861195577?i=1000753836046&uo=4","Covers #7. This is a media source, not medical evidence."
"latest_scan-IzEgLSBCYXNpYy","#1 - Basic Questions about Iboga","Podcasts and interviews","Podcast Interview","Media metadata","Dec 13, 2025","Get To The Root Iboga","https://podcasts.apple.com/us/podcast/1-basic-questions-about-iboga/id1861195577?i=1000741169814&uo=4","Covers #1. This is a media source, not medical evidence."
"latest_scan-QWZyaWNhbiBQc3","African Psychoactive Plants: Dreams, Ancestors, and Healing - Jean-Francois Sobiecki","Podcasts and interviews","Podcast Interview","Media metadata","Jan 19, 2026","The Psychedelic Podcast","https://podcasts.apple.com/us/podcast/african-psychoactive-plants-dreams-ancestors-and/id1200537009?i=1000745717474&uo=4","Covers African Psychoactive Plants: Dreams, Ancestors, and Healing - Jean-Francois Sobiecki. This is a media source, not medical evidence."
"latest_scan-TWV0YSBNeXN0ZX","Meta Mysteries| The Real Experiences Of Iboga w/ Jonathan of Iboga Talk","Podcasts and interviews","Podcast Interview","Media metadata","Jun 30, 2025","Cult of Conspiracy","https://podcasts.apple.com/us/podcast/meta-mysteries-the-real-experiences-of-iboga-w/id1527152965?i=1000715087783&uo=4","Covers Meta Mysteries| The Real Experiences Of Iboga w/ Jonathan of Iboga Talk. This is a media source, not medical evidence."
"latest_scan-VGhpcyBQbGFudC","This Plant Is Making People Go Crazy! Iboga","Podcasts and interviews","Podcast Interview","Media metadata","Nov 19, 2024","IBOGA WELLNESS","https://podcasts.apple.com/us/podcast/this-plant-is-making-people-go-crazy-iboga/id1780548160?i=1000677481086&uo=4","Covers This Plant Is Making People Go Crazy! Iboga. This is a media source, not medical evidence."
"latest_scan-IzYgLSBUcnVzdC","#6 - Trust yourself in Motherhood/Fatherhood","Podcasts and interviews","Podcast Interview","Media metadata","Feb 27, 2026","Get To The Root Iboga","https://podcasts.apple.com/us/podcast/6-trust-yourself-in-motherhood-fatherhood/id1861195577?i=1000751949347&uo=4","Covers #6. This is a media source, not medical evidence."
"latest_scan-UHNpbG9jeWJpbi","Psilocybin Therapy for Depression, Trauma, Cancer Support and Life Clarity: Healing with Magic Mushrooms","Podcasts and interviews","Podcast Interview","Media metadata","Jul 15, 2025","Healing with Psychedelics: Plant Medicine, Ayahuasca, Psilocybin, San Pedro, Iboga & Trauma Recovery","https://podcasts.apple.com/us/podcast/psilocybin-therapy-for-depression-trauma-cancer-support/id1825996943?i=1000717309181&uo=4","Covers Psilocybin Therapy for Depression, Trauma, Cancer Support and Life Clarity: Healing with Magic Mushrooms. This is a media source, not medical evidence."
"latest_scan-Izcg4oCUIEh5cG","#7 — Hyperdimensional Healing, Ibogaine and Parkinson's Disease with Tobias Erny","Podcasts and interviews","Podcast Interview","Media metadata","Mar 9, 2026","The Iboga Leadership Summit Podcast","https://podcasts.apple.com/us/podcast/7-hyperdimensional-healing-ibogaine-and-parkinsons/id1873572601?i=1000754022354&uo=4","Covers #7 — Hyperdimensional Healing, Ibogaine and Parkinson's Disease with Tobias Erny. This is a media source, not medical evidence."
"latest_scan-VGhlIEhlYXJ0IG","The Heart of Iboga: Ancient Healing, Modern Maladies—PTSD, TBI, & Addiction w/ Tricia Eastman","Podcasts and interviews","Podcast Interview","Media metadata","Jul 22, 2025","The Life Stylist","https://podcasts.apple.com/us/podcast/the-heart-of-iboga-ancient-healing-modern-maladies/id1121467751?i=1000718445708&uo=4","Covers The Heart of Iboga: Ancient Healing, Modern Maladies—PTSD, TBI, & Addiction w/ Tricia Eastman. This is a media source, not medical evidence."
"latest_scan-IzIgLSBQcmVwYX","#2 - Preparation and Choosing a Provider","Podcasts and interviews","Podcast Interview","Media metadata","Jan 2, 2026","Get To The Root Iboga","https://podcasts.apple.com/us/podcast/2-preparation-and-choosing-a-provider/id1861195577?i=1000743562564&uo=4","Covers #2. This is a media source, not medical evidence."
"latest_scan-TGFuYSBQcmliaW","Lana Pribic - Getting to the Root: Iboga, Kanna, and Africa's Primordial Medicines","Podcasts and interviews","Podcast Interview","Media metadata","Sep 15, 2025","The Psychedelic Podcast","https://podcasts.apple.com/us/podcast/lana-pribic-getting-to-the-root-iboga-kanna-and/id1200537009?i=1000726870786&uo=4","Covers Lana Pribic. This is a media source, not medical evidence."
"latest_scan-SWJvZ2FpbmUgIk","Ibogaine ""Iboga"": Healing PTSD, Addiction, and the Soul with Clayton Smith | Gateways to Awakening","Podcasts and interviews","Podcast Interview","Media metadata","Aug 19, 2025","Gateways to Awakening","https://podcasts.apple.com/us/podcast/ibogaine-iboga-healing-ptsd-addiction-and-the/id1529629262?i=1000722675796&uo=4","Covers Ibogaine ""Iboga"": Healing PTSD, Addiction, and the Soul with Clayton Smith | Gateways to Awakening. This is a media source, not medical evidence."
"latest_scan-SWJvZ2E6IEJlZm","Iboga: Before vs. After (14 Years in the Making)","Podcasts and interviews","Podcast Interview","Media metadata","Mar 31, 2026","Medicine for These Times with Beth Weinstein","https://podcasts.apple.com/us/podcast/iboga-before-vs-after-14-years-in-the-making/id1562920606?i=1000745944267&uo=4","Covers Iboga: Before vs. After (14 Years in the Making). This is a media source, not medical evidence."
"latest_scan-MTE5IHwgSWJvZ2","119 | Ibogaine & Iboga Treatment: Safety, Ethics, and A New Approach to Addiction w/ Juliana Mulligan","Podcasts and interviews","Podcast Interview","Media metadata","Mar 7, 2025","Modern Psychedelics","https://podcasts.apple.com/us/podcast/119-ibogaine-iboga-treatment-safety-ethics-and-a/id1553826157?i=1000698239348&uo=4","Covers 119 | Ibogaine & Iboga Treatment: Safety, Ethics, and A New Approach to Addiction w/ Juliana Mulligan. This is a media source, not medical evidence."
"latest_scan-SW5zaWRlIE15ID","Inside My 72-Hour Psychedelic Iboga Therapy With Julie Piatt","Podcasts and interviews","Podcast Interview","Media metadata","May 21, 2026","The Rich Roll Podcast","https://podcasts.apple.com/us/podcast/inside-my-72-hour-psychedelic-iboga-therapy-with-julie/id582272991?i=1000768893880&uo=4","Covers Inside My 72-Hour Psychedelic Iboga Therapy With Julie Piatt. This is a media source, not medical evidence."
"documentary-wiki-0001","Hamilton's Pharmacopeia episode on natural tramadol and synthetic ibogaine","Documentaries and films","Documentary Reference","Primary-source record","2026-05-30T16:03:37.335Z","Hamilton's Pharmacopeia","https://en.wikipedia.org/wiki/Tabernanthe_iboga","Covers hamilton morris, documentary, voacanga. This is media context, not medical evidence."
"documentary-wiki-0002","Dangerous with Love","Documentaries and films","Documentary Reference","Primary-source record","2026-05-30T16:03:37.335Z","Documentary reference","https://en.wikipedia.org/wiki/Dimitri_Mobengo_Mugianis","Covers documentary, addiction, culture. This is media context, not medical evidence."
"latest_scan-SWJvZ2FpbmXigJ","Ibogaine’s Surge in Popularity Could Be a Huge Loss for the Gabonese People Unless We Shift Course - Psychedelic Alpha","Culture and stewardship","Journalism","Primary-source record","Jun 15, 2023","Psychedelic Alpha","https://news.google.com/rss/articles/CBMizAFBVV95cUxPSi04ZE9sOEUzMmh5bDd3cFR3ZnBTTllTRUpmWkl4WWtpQWg4M1dKcG1yQ3pwR3N1TGtEeTUzNXNIa0Y5bHJnaW5qQTRSdXduRTBxaUY5UVJ1YjlaUVh0SUtfeDUxbnpLUTNFenN2Q0NkTFg2a0pQdE04c0ZOQi1XWFl5SWRyWU53UHZ6TTRieGVjNkU2RlhwVHNqdzBPbFVDQkt0OWdabmVsaXJ4Q283MnUyWkdTM3dVam9pR0NGOFgyNWJ3MFFlTXpBWlI?oc=5","Culture or stewardship source from Psychedelic Alpha. Outsider summaries require humility and source awareness."
"latest_scan-QSBwb3dlcmZ1bC","A powerful psychedelic plant medicine is gaining federal and state backing. - Psychology Today","Books and bibliographies","Journalism","Primary-source record","Apr 26, 2026","Psychology Today","https://news.google.com/rss/articles/CBMirwFBVV95cUxPZ2hxQWZoY0x4bG54ekh6S01FUGRrWXhadzVoMldzWnhnVjdlaTJzeFlsbEhURWNETzNZYnp4VVhqSjhwa2hLS1M4bXI3VW9uMVVMWC1zQnZtVExZLUhnVkxCYTBkZkF4M2RZUFBqNXRNQWdSU2pGek9kdXpfcnBDR3VjNlZ1LWN0LXROd0VrNmJ5VWpSY0ZVSzVEQzRwOVlzRFlTSDlhYzVCc1lMY25r0gG0AUFVX3lxTFBpRnloUmtqcWRNUHJVcmtoYXBVMVlfSGZTa1lxcGNsTmg3cnk3cHRUOWRteUZPVmZ2REo0N1RFQ0VSdjNNbjVEelo3TXBCNERhV09FLU5adUUzQkFxRVhsS2d5RGxyd2JPWkNQQkI1cHJ4UkR4bC1zWDRJekw4SXl1RGU3bUtFTXJ0Ui1MUXktbFJkZXBnZl9yR2FqaWtpbjUwLXFQc2dsR1FHQVZ5QnNjeXIwUA?oc=5","Book or bibliography source from Psychology Today. Interpret claims according to source type and evidence quality."
"latest_scan-Q29sb3JhZG_igJ","Colorado’s governor wants to legalize an African psychedelic, but there's a conflict over where ibogaine is sourced - The Colorado Sun","Books and bibliographies","Journalism","Primary-source record","Nov 7, 2025","The Colorado Sun","https://news.google.com/rss/articles/CBMihwFBVV95cUxPVHVqYVZFeVBhR1FkNmVxSHFhaXdVNmFoSzdEeTJLVXZvNnR5eDdJZlJ2TkdoVXBZeklUdHpZTFRRbDJIOFFtZGZ5cHpzSkg2WkFsTGVZYnBFU3BXalJsYmRtLVNfZjZMODhJbnFTYVNsV0xINjV5VFNVa185VGVReXdxbzJielk?oc=5","Book or bibliography source from The Colorado Sun. Interpret claims according to source type and evidence quality."
"latest_scan-VHJ1bXAgc3BvdG","Trump spotlights ibogaine in his recent executive order supporting psychedelics. - Psychology Today","Books and bibliographies","Journalism","Primary-source record","Apr 19, 2026","Psychology Today","https://news.google.com/rss/articles/CBMizAFBVV95cUxOODBtc1pTeFNEOE1VOHdOT2dhWmtvV01VX3VSakZpcXZWc1dPNGx5NzREMEFOTkNzU2ZvM1NIbWZWRng2cFdVUUcwMVRqQ3hmdkhaamMtZEhtd1dVZHIzM0tUNWxTaTNJdzVmUHVkVjRlWTViTkphb0NnOF80OVBOODk5QmhDWFl6ODY4SVRwc1N6bFZkSllMYW5lVGZYcG1saVd5Y2hQR0ZHRE9Jd20xRTdEclVLLXFiQlpkRVJYNEJuMjNpRUltNzNSb3PSAdIBQVVfeXFMTTQ3NmdYSnh6V0g2bkdvR1dKNW5iN3VmSEFwRk5QdXRMRklMb1p2SGtLajhpOUNIb09GX2FXUmdaQTVRV0M0d21rTmF3VXlldjl4T1dZSEpsZXdNelZOWXBzRHVQcmJ0ZWxoQkV5azR5V2dMR25OMEJ2cWx4ejNvaElPSzRocnlmUi11aDBmWmhHc1RsMUNza1pyT29EeTZCTldlRXUtOUltYnJZVHRDcWhyYWh0SUtpc3ZNNVE3eV9lY0t6UGlsX3hCYUwxZm50T1d3?oc=5","Book or bibliography source from Psychology Today. Interpret claims according to source type and evidence quality."
"latest_scan-T3hhLUlib2dhIG","Oxa-Iboga alkaloids lack cardiac risk and disrupt opioid use in animal models - Nature","Books and bibliographies","Journalism","Primary-source record","Sep 20, 2024","Nature","https://news.google.com/rss/articles/CBMiX0FVX3lxTE1GSFNSZTFOWXVXYkdwVFJGV0FONDhTRGVreFVQSldVclc1aDhiTXZxTVZJN0JEUlVkeHBySjdNVC1meXgtbHlLQ3VCUWxjZXRQemVUUzYzNlAtLWJzYkEw?oc=5","Book or bibliography source from Nature. Interpret claims according to source type and evidence quality."
"latest_scan-Q29sb3JhZG8gcG","Colorado plans for rollout of ibogaine as the next regulated psychedelic plant medicine in healing centers - The Colorado Sun","Books and bibliographies","Journalism","Primary-source record","Jul 21, 2025","The Colorado Sun","https://news.google.com/rss/articles/CBMiiAFBVV95cUxQV2xIWlJzWUZlM3oxMEg2NXdzYWM0UUdMNjVYQS1mV0dXbEJNOHhlRHFza1BlY2ZRUFdlcEpVZmtPbEdfSHY2a0ZYaHNaRlVIOGtNd2JfOGRkR01QRkdoM1h2WmVRMTAxOXVYVGxPbndfUG1sWVFqMVdSV0RzTnlfN01Pa2xJZi1m?oc=5","Book or bibliography source from The Colorado Sun. Interpret claims according to source type and evidence quality."
"latest_scan-R3JhbS1TY2FsZS","Gram-Scale Total Synthesis of (±)-Ibogamine - ACS Publications","Books and bibliographies","Journalism","Primary-source record","Jun 13, 2023","ACS Publications","https://news.google.com/rss/articles/CBMiYkFVX3lxTFA1VEhQU0pBSmVfQm1ic0hzdlFBZ1h3SWtHU3VJOFl3bkxLQ0dFeWtiSzBObmVoaWhtWmxDTnBERTE5N3VtTHNrb1FaMWJBVVBpdHRfSTE4S0tOMXluNk1fcUN3?oc=5","Book or bibliography source from ACS Publications. Interpret claims according to source type and evidence quality."
"archive-0001","News Articles on Eboga & Ibogaine","News, articles, and blogs","Article Archive","Article Archive","2026-05-30T16:03:37.335Z","MyEboga document archive","https://www.myeboga.com/docs/articles.pdf","News or commentary from MyEboga document archive. Use it to understand public discussion and timing; verify important claims against primary sources."
"latest_scan-VGhlIE1hbiBCZW","The Man Behind the Trump Administration’s Favorite Psychedelic - The Atlantic","News, articles, and blogs","Journalism","Primary-source record","May 24, 2026","The Atlantic","https://news.google.com/rss/articles/CBMingFBVV95cUxQWXBkYXBQLVFEWkZmU3pwT1d4UjA4d2tJeVdneGVEUnhpeGp6b3U4Nm5KVkFTQ01PZDhLckIteWRwYlFrWlRIZzJneXV0VXFLbmJ4WXJtQ2lZd0p5WERkUU44NG5tTGNKcDFOQUpCMUFMcUdfNWFNUktDUVNGUUdTVE9UaFVlclJsNzlkcV9rLVVobmNhYXl4YU9jZXJaQQ?oc=5","News or commentary from The Atlantic. Use it to understand public discussion and timing; verify important claims against primary sources."
"latest_scan-TWljaGlnYW4gY2","Michigan can lead the nation in healing addiction, veteran trauma | Opinion - The Detroit News","News, articles, and blogs","Journalism","Primary-source record","May 20, 2026","The Detroit News","https://news.google.com/rss/articles/CBMiwAFBVV95cUxORXZtNENncGxNTUgxSjJiZVBBc214RkRXVzY3aWwxSjJlci1zOHZXZVprX3l6R05YcVJOXzVuRDc3NjBmdDBCMlB0aWk5UFY3dGFlbWtLZmtURDlicnVUQjJWX01CdkVXVjBHdTdEQzA0RmMyUzFDbEdKdzQ1d2szRW52TmJfbzFtbGVrRjIxNl9PRExoWFY4M2lKejlaanp6OHVmdXU2cTlzT3B3WTFvS1V0OEx3RTFzUU9SMk5JYmE?oc=5","News or commentary from The Detroit News. Use it to understand public discussion and timing; verify important claims against primary sources."
"latest_scan-SXTigJlzIGFuIE","It’s an Obscure Psychedelic Used to Treat Trauma. Could It Help Me? - The New York Times","News, articles, and blogs","Journalism","Primary-source record","Apr 21, 2026","The New York Times","https://news.google.com/rss/articles/CBMiogFBVV95cUxNY1hjUElaY0t5Z1ZhYWFsdzQ3RkF2ZTI5SEJQcVlzWmJzNDRfT1N0RnlMdFhoZ1lGQ2E2aUdzTF9JRk5sb2Zqbk1aaXZwXzF6a2ZVUHExLWxsYy1UdVd4OUkwWUpvbGFYT0JLV0t4dTY3NXBXSXp1UU9QZENoVW9YZXYtb2hsVnUwUXhBbXRXd0tyb2ExbWs4eEhHME5XTk5WSmc?oc=5","News or commentary from The New York Times. Use it to understand public discussion and timing; verify important claims against primary sources."
"latest_scan-Q29sb3JhZG8gbW","Colorado man's federal drug sentence comes months before expected state approval of ibogaine use - CBS News","News, articles, and blogs","Journalism","Primary-source record","Feb 2, 2026","CBS News","https://news.google.com/rss/articles/CBMingFBVV95cUxOUjI5S2xPY3NEdjM2S1o1WUVqNnZEMlUzak1jNEx1MmR0NUpkNlVPaURKLWZPZUlLYVUzaWV0WF9SQWVlQTRQWVc0RE4yYVd1S010ZDdubm56VGs4RW5xclhpeVZIcTZKakxpRnphTUJ1bEdKS29oTDltcURWUHhWX3ZQZ29IOUNyQnJPMVI0M3l4WUk0SzdRMGZtTGh5QQ?oc=5","News or commentary from CBS News. Use it to understand public discussion and timing; verify important claims against primary sources."
"latest_scan-SW1wYWN0OiBJYm","Impact: Iboga trafficking - Interpol","News, articles, and blogs","Journalism","Primary-source record","Dec 22, 2025","Interpol","https://news.google.com/rss/articles/CBMisgFBVV95cUxQcklHTTJkNU9fTlBnWTdxQTU0WGxydzloVjduTXZQcnhDb0FLVnU4MGJnRjQtbThCaXNCXzk5RzA3c1dLanpkQnFqNXJ3UWtaU0drVEQ2aXdfajJOODllOTJjU0czOUctRjFfdFlsTnJmaFJNS0Y5M1ZQaDluLWVZMXcya0hWcHlnYUtFVjMwbi1KQVZhTUpaaWV5aC05OHNabWVZR2prZmdFM0RUckp3MlRB?oc=5","News or commentary from Interpol. Use it to understand public discussion and timing; verify important claims against primary sources."
"latest_scan-VGhlIEdyaXBwaW","The Gripping Story Behind Netflix's In Waves and War - Time Magazine","News, articles, and blogs","Journalism","Primary-source record","Nov 3, 2025","Time Magazine","https://news.google.com/rss/articles/CBMib0FVX3lxTE1kak5uRndBbDhjWFI1bmdqRF9Rb3B3YmR2NlBTcTM3MmpvS2ZhTndEVXNmSnBZbDdJeVJVSlRSM3BJUmsycWZxblAzQ0VsOFlpa1JBaFdWMUtHZjhHRmVuZEhud29hVXktMVZ0TTFidw?oc=5","News or commentary from Time Magazine. Use it to understand public discussion and timing; verify important claims against primary sources."
"latest_scan-V2l0aCBSaWNrIF","With Rick Perry’s backing and $50 million from the state, Texas set to become a leader in psychedelics research - The Texas Tribune","News, articles, and blogs","Journalism","Primary-source record","Jun 11, 2025","The Texas Tribune","https://news.google.com/rss/articles/CBMiqwFBVV95cUxQUW0wYU9ReUxrYS1aWlpkZE5xSUMzaENMT25PSktXRERBcGRhdjlHdjRnTGw0aWdpbTBRUU5zT0FNb2VmMDJrMTRxUDNnVWl5eU9iM1lqTjE3dUxnajB4SFVJNGlMc19OWlh5WVF6WERuRG82R3dZeXlvT01PemxXZWNrR2N3MkpfSHFZSWVGbkk2WUdYeWUwb3oxX1JxUzRVY1l0bmJrNXR5c2M?oc=5","News or commentary from The Texas Tribune. Use it to understand public discussion and timing; verify important claims against primary sources."
"latest_scan-aGFtaWx0b24tbW","hamilton-morris-headshot-1 - Multidisciplinary Association for Psychedelic Studies – MAPS","News, articles, and blogs","Journalism","Primary-source record","Jun 29, 2024","Multidisciplinary Association for Psychedelic Studies – MAPS","https://news.google.com/rss/articles/CBMiV0FVX3lxTE9kTGJTTzVQbm54MkJ0dGowdmtMVE9fVEhJdVVReV9BVWc1VFBPTWJobVUtdTlIS0RhQjFCZmhUdVE5cnI5NnpBenUwR2dsTmFFWU5zRnJyRQ?oc=5","News or commentary from Multidisciplinary Association for Psychedelic Studies – MAPS. Use it to understand public discussion and timing; verify important claims against primary sources."
"latest_scan-TGl2ZSBmcm9tIF","Live from Psychedelic Science 2025 - The Microdose | Substack","News, articles, and blogs","Journalism","Primary-source record","Jun 20, 2025","The Microdose | Substack","https://news.google.com/rss/articles/CBMif0FVX3lxTE8yR0JGUTNORFRxSmNoZ1N1dEU0VkFCSWdHVjFzVFlxYWZDOTlNd19DRW42Q0xpTGRFMFNMbXpDeU10VFpFSm5jVUxoYmlIOGh3V2psbHdIY1o4LWVvOG9RU2hjTldYZDJCSF9OU3Q5dVVaUkw3TlN5aFowRHhHWVE?oc=5","News or commentary from The Microdose | Substack. Use it to understand public discussion and timing; verify important claims against primary sources."
"latest_scan-QmV0dGVyIExpdm","Better Living Through Chemistry: A Discussion with Hamilton Morris - lucid.news","News, articles, and blogs","Journalism","Primary-source record","Jan 28, 2021","lucid.news","https://news.google.com/rss/articles/CBMikwFBVV95cUxPS1c5TDAyb3BodVV0WTdwVVB5dkM0Q2ROcEMtdmZtcHpMa2JQVWNXR0xKcXp2WlhlMHpoelU1U1FtdGF6WnFwVkRRYzk1NkxlWUxnT1d0S1VpMmRuRGRyV1lNRGRUOV9yNVE0VVNKbDlIeGFHeThDSHppakotbGxlYnNETFdXd0Q3cFQySUlzYVo3WFE?oc=5","News or commentary from lucid.news. Use it to understand public discussion and timing; verify important claims against primary sources."
"latest_scan-SGFtaWx0b24gTW","Hamilton Morris On Mistakes, 5-MeO-DMT And Preserving Psychedelic Toads - Forbes","News, articles, and blogs","Journalism","Primary-source record","Jan 9, 2021","Forbes","https://news.google.com/rss/articles/CBMiwwFBVV95cUxOQkQ1U1VXRHlwWTVZZXVmQ3ZpbzhnNUdmLVdmMWxMbHJIbmVuc2tfbnBFSE90dkNOX05FQWdOcnQ1VU9UZm9ZWng1Zi1aTE4xNjlOMWdORHhlN3dKWXNGd0JTZHZZOG5tVGMwRUlpY2JXZ3V2Q044T2duUUhEZERxVk96Nl9BNnZDUXVXWGN6Yk9GR25PWFZad2RMY2E2VFFDYXNDcjhPMHl0Mk1kam5NZmtqVzlmNVdPaFVhYWVTWUx1OFE?oc=5","News or commentary from Forbes. Use it to understand public discussion and timing; verify important claims against primary sources."
"latest_scan-SGlnaCBvbiBJYm","High on Ibogaine: Vice's Hamilton Morris Goes Back to Africa - CelebStoner.com","News, articles, and blogs","Journalism","Primary-source record","Feb 2, 2021","CelebStoner.com","https://news.google.com/rss/articles/CBMisAFBVV95cUxORTV3d2hzUkM3c3paOUxrTjNiVEx5NU9MN0hRd3d0dXB5V2Y2LWhsR0RGTV9ha05rZXN2LUh2RVNKNlFjaGZMZ1FMN3NRUEVMallyaGhVNnlBallZXzJzWHJDMFhaNzJoWFBhbjFXTlNvSUxCU19TMFZjdmkzd05TN0pkY3I0LTlrUHljTWhpaThrS2RJWUY5VFB5SDUwUmNVcmJQM0V3aVJEX195SlRsUg?oc=5","News or commentary from CelebStoner.com. Use it to understand public discussion and timing; verify important claims against primary sources."
"latest_scan-SWJvZ2FpbmUsIG","Ibogaine, of all things - Larchmont Chronicle","News, articles, and blogs","Journalism","Primary-source record","May 28, 2026","Larchmont Chronicle","https://news.google.com/rss/articles/CBMiZEFVX3lxTE9WOFZDcFYwX0t6eGU1S20ta2ZrSUZqZVc3aU9vR2JWaUNHelBFckRyVDJFRmIzeGd0S3pkU2RIRDUtQ21qdlczN3ZTWmY4WWJXcXNWRlh0NU90Z1V1V29PQ1dBU0k?oc=5","News or commentary from Larchmont Chronicle. Use it to understand public discussion and timing; verify important claims against primary sources."
"latest_scan-RW52aXNpb25pbm","Envisioning a psychedelic future for psychiatric treatment - Medical Xpress","News, articles, and blogs","Journalism","Primary-source record","Feb 17, 2021","Medical Xpress","https://news.google.com/rss/articles/CBMinAFBVV95cUxOdHdiMlVmbU9zckFITjdJV2JJNkFTVlVtQVZJX2dTLU5SQTYyUkZJY21yMWFPS0hpa3N0WjBpdEhZZTYtU1FNOHJaa1NzUEprcE1ZY21oZ0h3ME94OFliVVNHWVFVU3cxZ0tkbTdLMXA3cEphVmQ0N2tQc0J0SDB1c0NSZWFSU2F2T0JZSE9Jb2QtcDh0cTQxMzA2ZWs?oc=5","News or commentary from Medical Xpress. Use it to understand public discussion and timing; verify important claims against primary sources."
"latest_scan-UmVtZW1iZXJpbm","Remembering High Times Legend and Psychonaut Peter Gorman - CelebStoner.com","News, articles, and blogs","Journalism","Primary-source record","Apr 29, 2022","CelebStoner.com","https://news.google.com/rss/articles/CBMipgFBVV95cUxOc3B3Vk8ycUpfUWdqVDlkcXFFT2FRd3ZTd0lCdjhKRzc1VTNoOXk1UEJsR3pSWGVPQ3RIVlYwYnJ4NjU1TDFMZDA3LUJOOElmU2tTUTM0bnBMWk5lR3A1SnNHRWY0TzZTeGplaFB5c0dLdUU0UTJDVFlvNDJXeUFQOFZOTk45bWRFUGpjMzFvcEo1Q3hFVXB0Qk5RcXlHT2xaN0NQTkhR?oc=5","News or commentary from CelebStoner.com. Use it to understand public discussion and timing; verify important claims against primary sources."
"latest_scan-Rm9ybWVyIEdvdi","Former Gov. Rick Perry pushes for legalizing ibogaine to aid veterans at SXSW - Spectrum News","News, articles, and blogs","Journalism","Primary-source record","Mar 18, 2026","Spectrum News","https://news.google.com/rss/articles/CBMixAFBVV95cUxOTHc1UVRXRUFJUHZ3QkV5OGM4LXZ2TVJxOUllUDlNRk9iOFZrMFNFYzJPbnBvNURzekxMVEpJbFZGeU1XMk9xQUVmT2c5b0NuQjhkSGM2emcyZFRzb2lNNnRVd2cxOEpJcmtxVWF6V1dHcTBEMTN4dVRHNjhfZnR4bzRfcnQ5SEd5LW1UcndhazNqZ21QTE9WXzU0U3F2Nm5oNTZSMTdXUHhqR1lHWDhfUk9Cb1ljLV9fVTJQQ2FrelBUSTRu?oc=5","News or commentary from Spectrum News. Use it to understand public discussion and timing; verify important claims against primary sources."
"latest_scan-SW4gcmFjZSB0by","In race to develop psychedelic drug, Texas officials trip at starting line - San Antonio Express-News","News, articles, and blogs","Journalism","Primary-source record","Apr 24, 2026","San Antonio Express-News","https://news.google.com/rss/articles/CBMirAFBVV95cUxPdnRhbHo5SWQ4NU0xYUFNWmMwMkk3S0pTU0NQSm93bjYtOWtWd290MjhOaGlZTkRxaEhTaENGWXFOWXlIVUdUQ19oRkxiNUFiLXZ6TkgxWEZ1ZkZoVjNaeDBkakxIZjJTdGotVnBfUHdhR21rVDQzZk9jLU1GaF9yN2tQeHNGQXowOS14VEJNWFNDN2dHNWpWN0R5cUJlbENDcmlYRkR3ZjhYTVgz?oc=5","News or commentary from San Antonio Express-News. Use it to understand public discussion and timing; verify important claims against primary sources."
"latest_scan-Rm9ybWVyIFRleG","Former Texas Gov. Rick Perry is betting on a psychedelic drug for addiction treatment - Austin American-Statesman","News, articles, and blogs","Journalism","Primary-source record","Mar 18, 2026","Austin American-Statesman","https://news.google.com/rss/articles/CBMimgFBVV95cUxNTkx5QXMzVUZRNUx1eDhvQU50bkExLTVQdXpPdXJxRElWZFhHTUE3V21GMTdCekpmblJEeEI5QVZzaE05R05WLWZ6NHRjRmxNYmNqV1hXSkxXWEFFbmxBVGxQYnB5bVRxcC10bDZINndLcmluMUZqSkhZd3Jvb085Yzdua29mMU1BUDlIWVRGUW1oUkVKMHQ1TzJB?oc=5","News or commentary from Austin American-Statesman. Use it to understand public discussion and timing; verify important claims against primary sources."
"latest_scan-VGV4YXMgaXMgZn","Texas is funding research into the psychedelic ibogaine. Here's what to know - Dallas News","News, articles, and blogs","Journalism","Primary-source record","Feb 11, 2026","Dallas News","https://news.google.com/rss/articles/CBMi2gFBVV95cUxOTTI2QmtZNmFaLWtoWjRCeGp5S29jOGUzb29Gejc5S29FazV0TVBDWkhGS3p3dmpOaVJNWWRPZVExaHpScTNvS1A0U0VfVC1XX01IUW5STGhJaUVwNXpOUVR2dlEwVEVYcFc0dUx1TjAwVHFrRkE4bV9wUHFTTjB0RDgwYUV1eFcyYW84UmlGSDFfd1lRVlgtTlZLOXp2NHo1a0tVS1dYblJmemVHZHVQeWtVVXNob2JFSUNrWWlDSTBpMGdBS05ULWZKTTJoWHNvbWN1Y2VfVFF3dw?oc=5","News or commentary from Dallas News. Use it to understand public discussion and timing; verify important claims against primary sources."
"latest_scan-MjAyNTogVGhlIF","2025: The Year of Ibogaine Therapy - lucid.news","News, articles, and blogs","Journalism","Primary-source record","Aug 5, 2025","lucid.news","https://news.google.com/rss/articles/CBMiXkFVX3lxTE1ZelRmVDl3dXhsVXhiUWNhMkY3Z1d5LTdnd1JjeVRIT3JXRFdzdUFERWY2ZFVtSDd0aExBV0dEOEdaVXZMOGNFLWNSX1hLRWlkc2tnUFpPODJkYVNiaUE?oc=5","News or commentary from lucid.news. Use it to understand public discussion and timing; verify important claims against primary sources."
"latest_scan-QWNjZWxlcmF0ZW","Accelerated recovery using magnesium ibogaine: characterizing the subjective experience of its rapid healing from neuropsychiatric disorders - Nature","News, articles, and blogs","Journalism","Primary-source record","Jan 31, 2026","Nature","https://news.google.com/rss/articles/CBMiX0FVX3lxTE1oRHlhOWFYdm1xNDVBeUpLSm81bTNNZzZPczZ2a2ViR0tVcGhqWUVzMDBmNUVfQkhCQnk4WkU2WUhwbktxZlEzWnhwYUZkNmdYWlhQXzVpUm5Yb0lxNk1F?oc=5","News or commentary from Nature. Use it to understand public discussion and timing; verify important claims against primary sources."
"latest_scan-QSBMb25nLCBTdH","A Long, Strange Trip: How the G.O.P. Came to Embrace Psychedelic Drugs - The New York Times","News, articles, and blogs","Journalism","Primary-source record","May 3, 2026","The New York Times","https://news.google.com/rss/articles/CBMiiAFBVV95cUxOdTFnWXl1M3BORVJpMGQtYVc3TXR0WjVpMy1WU0ZFNDNzNmNqaHZZN21oR1JrSko2X1IxbThFc09YeFQxcnZfV2wwdTZObUM1NVBkVDJFTHdBelYxTHJlaWJwcVNweUZjU0RmVGdGTXdyMjFUTWFaSm1wbnlsTlBZbnBCMElkeHBa?oc=5","News or commentary from The New York Times. Use it to understand public discussion and timing; verify important claims against primary sources."
"latest_scan-U2NpZW50aXN0cy","Scientists engineered plants to produce five psychedelics at once; ‘Mega-analysis’ shows brain responses to five psychedelics share a “signature” - The Microdose | Substack","News, articles, and blogs","Journalism","Primary-source record","Apr 10, 2026","The Microdose | Substack","https://news.google.com/rss/articles/CBMigAFBVV95cUxQTVVidXJuNURWcUdxRnp1cDlFVXRzeXUtOWhlM3RicmNmazhCMW5yVTRRcDVBV3BWUWFFNlJSU21EUUhNTGowdVJnOGNyR3Z0akdQNzRrS0lXQ3J3Nzluem1mejE0LWxWanpjdGN0bnUwa09uSlRFUTBDU2xIcnpWYQ?oc=5","News or commentary from The Microdose | Substack. Use it to understand public discussion and timing; verify important claims against primary sources."
"latest_scan-4oCcSeKAmW0gQW","“I’m All About the Data”: Dr. Charles Nemeroff on Psychedelics, Ibogaine, and Scientific Rigour - Psychedelic Alpha","News, articles, and blogs","Journalism","Primary-source record","Mar 17, 2026","Psychedelic Alpha","https://news.google.com/rss/articles/CBMiwAFBVV95cUxOeGdwN2V6a2xRc2hDd3FBZnZUbHdwbVQ4WVV4QTY5SmhhWVM0NVdtVXBKWFpTdkEyOUtyYzNKdzBJQUhvM2VMc2tmaUFJai1XQXZtdi1iWGlFeHV4TFdpRXN1TGRpNW1HbXJKc1BLUEdkekU3NDhLN21La3RaVUE0a0pWSFl1RHk0YkdRNmp0T2trTHNUM3RSNnlKTVlOSEw4LUtURHhMaUFXZERuN2lVaFAtZGhFeE5GS3RxOGxoZGM?oc=5","News or commentary from Psychedelic Alpha. Use it to understand public discussion and timing; verify important claims against primary sources."
"latest_scan-UHN5ZW5jZSBCaW","Psyence BioMed Achieves Milestone in Natural Ibogaine HCl - GlobeNewswire","News, articles, and blogs","Journalism","Primary-source record","Jan 5, 2026","GlobeNewswire","https://news.google.com/rss/articles/CBMiogJBVV95cUxNb3kycHhHdGZubjE4NGJqblMyNmdXaTNZejRMV0gyaWxHMm40UlBZVDlQNmN0Zm45cUxoZDRwcXZGempVNlhCMU5laDM0SFI1alFlZGVKaXlhZml6UGk4cjFIYUtCTDRFU2ZYTGlCUnFLMjhlYkJZeFlIQW8yazZPN0dRT2FEZnJyWFN5UjV1cXlRb2pCLWZERW0tNDlwNXhkcHc4eXFEdTdNNnJERnN2cHR1WHgyTGNYT0szbUExVE1TcW45R0NpS3VYMUExenlUZ2xwXzhJanFJLTVmNF9FWlFGdlpxbVdxOWp4eW4wOEIxSU5EZ3VLTTFtWnNqaTItU0tBMzNiZUtaWUJ0ZGFRak83d3pYYjZac0wwX1Jlc3dJZw?oc=5","News or commentary from GlobeNewswire. Use it to understand public discussion and timing; verify important claims against primary sources."
"latest_scan-V2h5IFRleGFzIG","Why Texas is spending millions to research an illegal psychedelic - The Washington Post","News, articles, and blogs","Journalism","Primary-source record","Jun 9, 2025","The Washington Post","https://news.google.com/rss/articles/CBMijAFBVV95cUxNM1YwUlVpSU81NUh3ZUdGQTI0bERweS04OG5qT3JYX2tVX2JJZjZOTGRJMUs2VHFkWGRtbDZIN0U3UW5pWXAtUlctZ0t4MVEtUzVlSUpXRmRPSVozWGt2MDZ4b2ZCeGxjc2FKcXpfd3lzV1JZdlc0bXlxQkdiMENCd1ZGd2N3eXlyZjhGNQ?oc=5","News or commentary from The Washington Post. Use it to understand public discussion and timing; verify important claims against primary sources."
"latest_scan-QSBWZXRlcmFu4o","A Veteran’s Search for Healing Led to an Ibogaine Trip and an Epiphany: ‘I’ve Got to Let It Go’ - thewarhorse.org","Clinics","Journalism","Primary-source record","Jan 8, 2026","thewarhorse.org","https://news.google.com/rss/articles/CBMiY0FVX3lxTFA1bF9JSEVPVkJHT0IzeXdfZTAzNmUwaTBaN1BGcVA2ZHI4d3JWbUJuS0J6dmZiVXB2dmNKd0ZwNWJMOXVCb21JdmdZVTNUNDN5eWo2cWpKWEQtZ1NVOGlnNFQzcw?oc=5","Clinic-claim monitoring entry. IbogaBase does not endorse clinics or provide referrals."
"latest_scan-SWJvZ2FpbmU6IF","Ibogaine: We're Funding Research While the Experiment Runs Unsupervised - celinegounder.com","News, articles, and blogs","Journalism","Primary-source record","Apr 16, 2026","celinegounder.com","https://news.google.com/rss/articles/CBMidkFVX3lxTFBMQUFzNmUzWk9rQlpjODVycG55ZXpfQXNBSWlRcWozOVVzLWV6dWVScVo1Z19iT1ZLWDBPOUNZSEhpdlZBcHo1bDJGOWtZazlmY2FjYS00T2MtRExpSEU2NTZFVUI1eG56dTlnZ2t5SloybDlBSGc?oc=5","News or commentary from celinegounder.com. Use it to understand public discussion and timing; verify important claims against primary sources."
"latest_scan-UmVzcG9uc2UgdG","Response to Luz &amp; Mash on cardiac toxicity of ibogaine - Schellekens - 2022 - Addiction - Wiley Online Library","News, articles, and blogs","Journalism","Primary-source record","Dec 2, 2021","Wiley Online Library","https://news.google.com/rss/articles/CBMiakFVX3lxTFBvUzRlZ2JtNXF0Qm13VUtBQW5rVWRvVDc0UFE2NkJRUm1PdGVLQnFCRDdUdEJnMmJlYm8wZXVGQ00zcGNMWUZQVHdYLXZfZ3U4c2JaMWhjNjdSLTd0S2gxa01VdXA2NnlJUGc?oc=5","News or commentary from Wiley Online Library. Use it to understand public discussion and timing; verify important claims against primary sources."
"latest_scan-SWJvZ2FpbmUgdH","Ibogaine treatment for opioid use disorder - Reason Foundation","News, articles, and blogs","Journalism","Primary-source record","Mar 15, 2024","Reason Foundation","https://news.google.com/rss/articles/CBMigAFBVV95cUxQNDlyVmtvaGFYVXpRSWpkVUhOYXVKREFGdW1aLWZTNXh0dVYwdVJ6cEVZVnM4Nl8xVTdsS3VLWmxfTGF0TUEyUm5hM0VZVmw5cmFlSjB4M09fQmdZbE9KSmtfeUN5UFFEc04tS3NxelN6YVo2RVZyejJmSFdfWUF1Vw?oc=5","News or commentary from Reason Foundation. Use it to understand public discussion and timing; verify important claims against primary sources."
"latest_scan-SXMgaWJvZ2Fpbm","Is ibogaine really a magic bullet for depression and PTSD? Not exactly - Scientific American","News, articles, and blogs","Journalism","Primary-source record","Apr 24, 2026","Scientific American","https://news.google.com/rss/articles/CBMixAFBVV95cUxPMjBZdU56aVVxTHRYb3lIaXE4UVZsNEtFcUZZaUdtTWlFUk5QRkpXMXN5aEhSQlJVUzNRR294bFlwMEJlQ1paQ19aR3A2LXg5dTl6VmxMSVlsXzd0UGQ0eXp4bmN2akxBT0RaU01BZHZKTmM1LWFsRTJBV3ZXdXAtYzdvZ1FjOFBNMzdNLVRzbjNzU1NSUlU0eTVTN0M5MzdOenJUWHRYVlZCNlc0Yk9ZTzBBRW4tT1hSNDlzejQ3dXBjNnRx?oc=5","News or commentary from Scientific American. Use it to understand public discussion and timing; verify important claims against primary sources."
"latest_scan-UG93ZXJmdWwgUH","Powerful Psychedelic Gains Renewed Attention as a Treatment for Opioid Addiction (Published 2024) - The New York Times","News, articles, and blogs","Journalism","Primary-source record","Mar 5, 2024","The New York Times","https://news.google.com/rss/articles/CBMijAFBVV95cUxNemZra3UzMEpyY21MT2tnS3FpcnNkVUJlV2xXenkteU1qUV96YS1KRGt5MS1WbXh2TkRIX08tTlMwclNaME1neEhqVnA0UVdlNU5rQVRRcktMNkFtMDE3Skh2ZWxYNWtySXBwUXdVMnI1TU9RbWVmak00WThMclo2T3NacFQyRGxNNUJpYQ?oc=5","News or commentary from The New York Times. Use it to understand public discussion and timing; verify important claims against primary sources."
"latest_scan-SWJvZ2FpbmUgQX","Ibogaine Appears to Help Veterans with Brain Injuries - Psychiatrist.com","News, articles, and blogs","Journalism","Primary-source record","Jan 5, 2026","Psychiatrist.com","https://news.google.com/rss/articles/CBMikgFBVV95cUxPX0czdFdiRnljTjlnUnMzanBHd3NqLWZSODNCWkZrZThOTjNNbF9LOU9rTmFvTlVUR2g5NmM0Y283UGttbXQ5SGJpSlBXSWxDbjhTRTZIN0JLX2ljOGk1RzN6aUNXMklERVBaU1dVSlliUFVqczB6LTVXTXllWUJnR3NzSm9BY05jTmxPSU5oZGhNdw?oc=5","News or commentary from Psychiatrist.com. Use it to understand public discussion and timing; verify important claims against primary sources."
"latest_scan-UHJlc2lkZW50IF","President Trump’s Landmark Order Advances Breakthrough Mental Health Treatments — Delivering New Hope to Veterans - The White House (.gov)","News, articles, and blogs","Journalism","Primary-source record","Apr 20, 2026","The White House (.gov)","https://news.google.com/rss/articles/CBMi6wFBVV95cUxPblR2UkN1dkR0QXUyeUJuSDgxTEJhWWlfUlRsRG9EeXM4QlBFY0VPbm1EbDUwOEM3aFZ0eHJNamQ4YUVaOFBtNGtpMTZPMjhDYUo2V0xlUFBqSjNNYXVUSzhFUHRSSnc3SnVPYnE0WHVBN1hpSVBqTmVfZXg1cWFlUnJOWmlwa1ZsamZCeTdCTDFhMG51UXNjQVotMmUxSDBpNTBzaE5PdmRlNVByV1NuUktJdkZrbDZEQzQzSlNZYVY0ekVHZHh1aW5iZ2ZZUDlQbkJNZklLRkVuNjZ4NS16a2d6cV93dHV0OVBJ?oc=5","News or commentary from The White House (.gov). Use it to understand public discussion and timing; verify important claims against primary sources."
"latest_scan-RnJvbSBjb21iYX","From combat to calm: One veteran’s ibogaine journey - DAV : Disabled American Veterans","News, articles, and blogs","Journalism","Primary-source record","May 14, 2026","DAV : Disabled American Veterans","https://news.google.com/rss/articles/CBMilgFBVV95cUxQZW43MGw4NTBOUVZuZjdJUzZJdTJjRVVmb0tpblRGUnQ5b3pqcnN1TmtrNkIyU1hBZnd5ekwyV3dzcnN5ZnhQX21VUEJsUnpCdEdIMzFQMDE2djhldnQwQk1JaW9OaG9sTWhMSk01R2RBbGVkMk1od2N2TW5pY1NwZUpGTV9zUlN6VlE0SjFNOUN6TkdtSlE?oc=5","News or commentary from DAV : Disabled American Veterans. Use it to understand public discussion and timing; verify important claims against primary sources."
"latest_scan-VXNlciBDbGlwOi","User Clip: President Trump Signs Executive Order on Ibogaine Research - C-SPAN","News, articles, and blogs","Journalism","Primary-source record","Apr 18, 2026","C-SPAN","https://news.google.com/rss/articles/CBMivwFBVV95cUxNSmRydkdZaGVBQ3MtM3QwbmpMeDdHY3FHb09mbHN2ZDNUWktwcDJhSWJWRWdONkIzVjFpejAxZjJQR3BIVGtGRU10blZ3NlpnS21XNk94dkpIWHBZTHVCWUJFNTdVemZhRVVzcWpLWEdTd0ozX2dxblVDWVFYcU9xOVVlRGRhYTk3eHZfWGpJOHFuTFQ5dGI4YkF1NXptZmVyNTgzcE1sMjh1OUtfemZRYlZ0XzMycmxGZmJzT1E3RQ?oc=5","News or commentary from C-SPAN. Use it to understand public discussion and timing; verify important claims against primary sources."
"source_radar-U2lsbyBQaGFybW","Silo Pharma files provisional patent for ibogaine-based TBI therapeutic","Companies and patents","Company Release","Claim record","May 7, 2026","source_radar","https://www.globenewswire.com/news-release/2026/05/07/3289971/0/en/silo-pharma-files-provisional-patent-for-ibogaine-based-therapeutic-targeting-traumatic-brain-injury.html","Track as commercial activity. Do not treat forward-looking therapeutic claims as evidence."
"latest_scan-SXMgSWJvZ2Fpbm","Is Ibogaine the Next Miracle Drug? - by Josh Code - The Free Press","Companies and patents","Journalism","Primary-source record","Apr 27, 2026","The Free Press","https://news.google.com/rss/articles/CBMiaEFVX3lxTE5oTnh2a2gzNjFOYzVGOTdOWnRLUnRONU9FWVBSaHN1WGJxV2hHckU3aS1QWG9sZy1aVWlIVzJ6Y1ZfbzhoVERjOEVNQUpLRWVNYkpoam5mZG1lUU9Kd2FaN2w3TGp6QWQ3?oc=5","Company, patent, or biotech-field source from The Free Press. Commercial claims need independent verification."
"latest_scan-U3VyZU5hbm8gbW","SureNano maps weight-loss drug safety studies, explores ibogaine IP - Stock Titan","Companies and patents","Journalism","Primary-source record","Apr 24, 2026","Stock Titan","https://news.google.com/rss/articles/CBMisgFBVV95cUxPM2VMMU41N2VVUjFvdUpBX2JhSkI4a0RLMWcydExhNjB0aFZwQWRQY0VIOEpIVzRtM0VhbWU3cTBlaUdhUFZMNmRnV0N1Z0RNVzhfZ3NsMkdNakVIRi1EQmd5ckVsSHZVaFpKSnpLdXdJU2h1aWlNNGFQYU9DdnhQdWUtQlM2V3pSeDR0TUNGODJ2WlpPVExTczVlU2p3ZklNb2VnN3hjaTNSOEp0bUgtamdR?oc=5","Company, patent, or biotech-field source from Stock Titan. Commercial claims need independent verification."
"latest_scan-SW5zaWRlIElib2","Inside Ibogaine, One of the Most Promising and Perilous Psychedelics for Addiction - Time Magazine","Companies and patents","Journalism","Primary-source record","Apr 5, 2021","Time Magazine","https://news.google.com/rss/articles/CBMia0FVX3lxTE45bVIxRzdLWnVBWWc2V3o5T2F0LTROMzNwbUcteUwxV1FhRHFmMnZkYk16dzJHY2EyOG5xc1h4dEZYbDk3TU83ODcxRU1MTVQ3ZU43OEtKdU5wY1JSWC1FbGg4VGhiZ1p5Yks0?oc=5","Company, patent, or biotech-field source from Time Magazine. Commercial claims need independent verification."
"latest_scan-SG93IGFuIEludm","How an Investor Evaluates Five Leading Psychedelic Therapy Companies - lucid.news","Companies and patents","Journalism","Primary-source record","May 9, 2021","lucid.news","https://news.google.com/rss/articles/CBMilwFBVV95cUxPbzg2aHRBZzhxRnZmSzdCVVVxel9fYUh1ZW9sRE8xc3lTSUhWelJyeWp3QmZSTzk3YVNMRDdFRWVIVDNmdGxGQlowbUJ0NEFyMXRub1NhVU5vNFMyVWcwWHJ5WGphdUkzdkpLMmhhVVlKbzhmZUs3Q255SnhxUlZjSnZEc3ZUQlNFRTZuX2hTcUV1am5TUjM0?oc=5","Company, patent, or biotech-field source from lucid.news. Commercial claims need independent verification."
"latest_scan-U29tZSBzYXkgdG","Some say this psychedelic could change the opioid crisis. But its health risks hinder testing - CBC","Companies and patents","Journalism","Primary-source record","Mar 27, 2025","CBC","https://news.google.com/rss/articles/CBMidkFVX3lxTE9nQTlUN05yQ3V6TmFoU1EzaFEzaExPRHZwb3hERWZCM01xcVVUOFpHa3J3dFZVam9seERPb2wyT1RhajZ2M29PeXowZHp5M2xPTHB0MFRHVkFFcTlyX2c4SWlMVnFPc0lTeUMxdVpaR1ZYWWEwbUE?oc=5","Company, patent, or biotech-field source from CBC. Commercial claims need independent verification."
"latest_scan-VGV4YXMgbGF1bm","Texas launching ibogaine research program after failing to find drug company partner - KVUE","Companies and patents","Journalism","Primary-source record","Apr 1, 2026","KVUE","https://news.google.com/rss/articles/CBMi3wFBVV95cUxNMVlVTVI2ZUUzZG94TV9zNF9PZHo4eXF0MVZMT2lSWjVzZ3dnWU9RUU5XcWhwYWNyTHBwZ1lFNnhXLWNrX3F4RlEtbjBReUFLMjhNckZUVFM0bks5cGlVWnVHZl8tN05KVXZfQTNWbnY2SDhmbUJpS29sZmstdHNZb0FnVGJKNFRfQ05QNXFJQ2dlUF8wRmhraHdJaUtkMUVfY2VBWkYzaWFPcWlGeUV6eFI4OUNpc01nejZFVEpRNlctT1pvb1IteEJIbGpSNzVfR3NjYktyemtQdEZWSDBN?oc=5","Company, patent, or biotech-field source from KVUE. Commercial claims need independent verification."
"ambio-news-globenewswire-neurodegenerative-2025","Ambio Life Sciences launches clinical ibogaine program for patients with neurodegenerative conditions","Clinics","Company Release","Company release","2026-05-30T16:03:37.335Z","GlobeNewswire","https://www.globenewswire.com/news-release/2025/06/09/3095856/0/en/Ambio-Life-Sciences-Launches-World-s-First-Clinical-Ibogaine-Program-for-Patients-With-Neurodegenerative-Conditions.html","Company-distributed press release about an Ambio neurodegenerative-conditions program. Use as a commercial/company claim record, not independent evidence of safety, efficacy, or access."
"ambio-primary-company-site","Ambio Life Sciences public clinic and research claims","Clinics","Clinic Company Primary Source","Primary-source record","2026-05-30T16:03:37.335Z","Ambio Life Sciences","https://www.ambio.life/","Primary company site for Ambio Life Sciences. Use to track Ambio's own claims about locations, programs, safety, research, sourcing, and leadership; do not treat as independent verification or a recommendation."
"source_radar-R2xvYmFsIElib2","Global Ibogaine Therapy Alliance clinical guidelines","Clinics","Clinical Guideline","Clinical Guideline","2015-2017","source_radar","https://ibogaine.mindvox.com/wp-content/uploads/2020/08/Ibogaine-Assisted-Detoxification-Guidelines.pdf","Valuable historical and clinical-practice reference; label age and avoid presenting as current regulatory protocol."
"latest_scan-QW4gaW4tZGVwdG","An in-depth look at the bipartisan push for an ibogaine research pilot program in Colorado | Denver7 360 - Denver7","Clinics","Journalism","Primary-source record","Mar 13, 2026","Denver7","https://news.google.com/rss/articles/CBMi0AFBVV95cUxOYjNGdEJ5TFVPTXg1VVNLUkl0Vkc5TXNqZUt5bXQ0bUhSVzI1d05UeE9LSlNkR0F6RHFaNE5JTWxjNm5rTk1sZTJvLTRpOWo3VVRRdjNxTTVTendUaUtKdF9qYVJZV2hYNzlRMkk2NzNkNEdkTlVkMEVKcFRYM1dTak5IaW1NWWdXNGdRQnJGZklwSV9leXdKX1c3bVZlMVVVOXJycEFrajV5ZnNoanNMX1ZyZWpkNzUwNUFILWZOdkRBaWFpOTZ4cDI3eXBibE9Z?oc=5","Clinic-claim monitoring entry. IbogaBase does not endorse clinics or provide referrals."
"latest_scan-SWJvZ2FpbmUgZW","Ibogaine eases traumatic brain injury in veterans - Drug Discovery News","Clinics","Journalism","Primary-source record","Mar 13, 2024","Drug Discovery News","https://news.google.com/rss/articles/CBMikwFBVV95cUxQRTh2MHlKYS16VnlEUkdSTGhoVUc5eE5TcmZzWktVMm9rVUxjb3NuYjMzMFRLX0FGdF9renpwSGxNYl8wbFhvWnAzMHk0Z2NYcXlBMTNnRzhVM3VJeHI0dTNfTGlrRnktREl1Y1NwcEZ4YjJudVFWQUI0MUZZUU1Sc1NSRkZxUzVEdGxwR0FGRmNPb3c?oc=5","Clinic-claim monitoring entry. IbogaBase does not endorse clinics or provide referrals."
"latest_scan-SSBUcmllZCBJYm","I Tried Ibogaine, the Psychedelic Anti-Addiction Drug - VICE","Clinics","Journalism","Primary-source record","Nov 25, 2022","VICE","https://news.google.com/rss/articles/CBMif0FVX3lxTE5qNkswc3ZfU3M4MFp5QkRFcWYwWWpTYTd1RmluNXRSeU9fc2N0akpsUmVyTVJ1UUFENjNRNERlbXFMaGFrMXJwc1NrZlpjQnJVZjRONmdETks3WEFlMFhvQUlnSFRVRnVPdG4xbXp1b0tQUWRlM0Z5bERhNk85anc?oc=5","Clinic-claim monitoring entry. IbogaBase does not endorse clinics or provide referrals."
"latest_scan-T2Zmc2hvcmUgSW","Offshore Ibogaine Clinics In Mexico, Portugal, and Brazil - lucid.news","Clinics","Journalism","Primary-source record","Oct 7, 2024","lucid.news","https://news.google.com/rss/articles/CBMihgFBVV95cUxOVFlSSWFkMEtkbEg1ckwyVnN5X2NfZkVOTXJ3eFoyWjc3RV9uUmI2SmNfUm1EMHY2d1NyQlJYUTh1NDVKaS1sWENLa0tJcjRPa25rb25JMnJ2d3o0SU9RcjZFT0xMU1hRM0ItTE9iN1FtV2JpNmtwQ3JaT3ktZEJxYVUyZGFudw?oc=5","Clinic-claim monitoring entry. IbogaBase does not endorse clinics or provide referrals."
"latest_scan-QW1iaW8gTGlmZS","Ambio Life Sciences Launches World's First Clinical Ibogaine Program for Patients With Neurodegenerative Conditions - BioSpace","Clinics","Journalism","Primary-source record","Jun 9, 2025","BioSpace","https://news.google.com/rss/articles/CBMi6gFBVV95cUxQOVVURExEYzZfTGpOcnBrTFJQLVZZWTEtUnlVRmpBLVMyXzhnVVF4eEZrUVVoNjNQWDJpOUdwRjdrdGxpUklHT2d3U1hELUl2QzRHWnVoSzBCWTN5S2dVMzBEQ3VaXzdubkNZWUZySGFEbGI1V0JwU1NnUEtSdkVPVkpUUGZ2QnNPaWRHeGRUQ0RLT0tDalJPS0Z6VjFHWXdIakhHUkJqcHROdk1WZGViLVJkQkgtNTRhTy1XazNqNWFiSGxuQ0FJbGF0alRHU185SU9sZFdXUTlFLXBUeHUwcHZvQnByVTNfRWc?oc=5","Clinic-claim monitoring entry. IbogaBase does not endorse clinics or provide referrals."
"source_radar-SUNFRVJTIElib2","ICEERS Iboga Community Engagement Initiative Phase 3 report","Culture and stewardship","Cultural Stewardship","Cultural Stewardship","Mar 1, 2026","source_radar","https://www.iceers.org/wp-content/uploads/2026/03/ICEERS_IBOGA_Phase-3_-v2_-ENG.pdf","Use for cultural context, conservation risk, illegal-poaching concerns, and stewardship framing."
"source_radar-SW5kaWdlbm91cy","Indigenous Medicine Conservation Fund iboga conservation overview","Culture and stewardship","Cultural Stewardship","Cultural Stewardship","current","source_radar","https://imc.fund/biocultures/iboga","Use for conservation strategy, overharvest, access, reciprocity, and alternative-source framing."
"latest_scan-R2Fib24gbG9uZ3","Gabon longs to cash in on sacred hallucinogenic remedy - Phys.org","Culture and stewardship","Journalism","Primary-source record","May 10, 2025","Phys.org","https://news.google.com/rss/articles/CBMif0FVX3lxTE9VcGpBNVZrSFNtMGRiczN0STdETmluUEdQVEtyZ2MxOVB0SmpLcGItaEhzV0JKSnY2dHlIS01iaDgzUmZnelRyTXZ5SXZqX0t0NnZzX0tzUUxfZGFfWDMwRllrbVR3OHpWYk1yXzd3VElqZnNGekE4R0ktX2l6bmc?oc=5","Culture or stewardship source from Phys.org. Outsider summaries require humility and source awareness."
"latest_scan-SG93IElib2dhaW","How Ibogaine Became the Darling of the Psychedelic Right - Rolling Stone","Culture and stewardship","Journalism","Primary-source record","Apr 22, 2026","Rolling Stone","https://news.google.com/rss/articles/CBMiswFBVV95cUxNSzc5Z09BY29FM01NNVh5RUE5YnVUM0Q5THllZnZOU2pVRGo3dGhRd1dRNDRWQ0pDMExndUdsaC12dWFtM1ZxSklMaXVjOEVZWjhzakZSVkxXcmJpLW1UZVZBZmZPMFNYTHh4QjRSR3FPMGRkblVrNTJtVC1uQUR3ZVB5Y0JpWHZwRjVrS0FYZGxlaWhiTG5TNjYwMi04WUdXRzYybEkwVWVkcGRlN0wtTk43cw?oc=5","Culture or stewardship source from Rolling Stone. Outsider summaries require humility and source awareness."
"latest_scan-VGhlIHBzeWNob2","The psychoactive drug ibogaine could save lives—and everyone wants to cash in - National Geographic","Culture and stewardship","Journalism","Primary-source record","Mar 8, 2023","National Geographic","https://news.google.com/rss/articles/CBMingFBVV95cUxNWmt4Z2wwVmRWSTFqa09iZWxFNXJOVWw0cFdUY3VjU1lCbmpxMXJsbXQzQmRWLWd0d1U0MUVSQllnUjkzVzNwUHk4aTRjYWNSbXA0eU9YcnZTckpjRlNMclhjZ0VuOEt5RHdMbXZLZ00xQUhJWjI3c2NzcVpGcmVQZnJCR2RkSVRfcVE1eXZsc0k4dmpzaDBPajFCRE44Zw?oc=5","Culture or stewardship source from National Geographic. Outsider summaries require humility and source awareness."
"latest_scan-SW5kaWdlbm91cy","Indigenous-led Medicine Conservation - Multidisciplinary Association for Psychedelic Studies – MAPS","Culture and stewardship","Journalism","Primary-source record","Feb 5, 2024","Multidisciplinary Association for Psychedelic Studies – MAPS","https://news.google.com/rss/articles/CBMid0FVX3lxTE5YU0U0RG9mOUdycG80QjlvQ0pWaUZtNnpOMk9LQW1kQnZWZVE2ZWtVckVUbi1CV0tOclcwNGZaY1FHNWZUYXVFVUgtLTlQMmV4bnM4WXpSaE8wUXNnNlBGYjhOeVgxUXdBVlY1NTBnUDNfTFVGb0Nr?oc=5","Culture or stewardship source from Multidisciplinary Association for Psychedelic Studies – MAPS. Outsider summaries require humility and source awareness."
"latest_scan-RnJvbSBTYWNyZW","From Sacred Root to Strategic Asset: Gabon Races to Protect and Profit from Iboga’s Global Rise - Trendsnafrica","Culture and stewardship","Journalism","Primary-source record","May 11, 2025","Trendsnafrica","https://news.google.com/rss/articles/CBMivAFBVV95cUxPYWphaEp3d2VhQlZtdUpWRGR0WjRVdDZoU0VHN1ZXa2lRN21Fa0t5Rlg5ZUVRZ1h5TDc1VkRmNTVQb0NoNDZBVXRET21Ydy1IWk5vRjM1SFdpc3lPZUw2bm5sY055WS0zbVFiS2g0a1N1Vm9ZeEZObkJRMkJ3Y0xMNEZFb19lc2ZRbm5LMmxSLUxlc0w3YnplNG1saXF0bGZ5OWd3UTZ2Q2V5aTVqb3IxcklKMVNJT1NqZ3hsVdIBxAFBVV95cUxOZVVlSTFiOUV5LUJ4N1NHenpFRzZmRzFyQ0QzZXNRaTBockU5b3NwOEo1clhhMUVZMzRsRTJTX2FDU3ZITkhqSVdULXFJbzB6MHU3SG9PalNDa3pCS0MwM0p2WWdkaHhtWmp5Ykc5TWY0WUp6d3loWVpEaVo1NDJzdDNEWFd3WDdrbUlfU1ZyREVlZWZhalIxNjMtOVluNzNXVFhJRFRfOU1EVlJlV2lPMGcxbjhwZ3F0R0dwNUJ2dF9ZVGpW?oc=5","Culture or stewardship source from Trendsnafrica. Outsider summaries require humility and source awareness."
"latest_scan-R29kLCBHYWJvbi","God, Gabon, and Government: W. Bryan Hubbard on Ibogaine, the Executive Order, and What Comes Next - Psychedelic Alpha","Culture and stewardship","Journalism","Primary-source record","May 1, 2026","Psychedelic Alpha","https://news.google.com/rss/articles/CBMixgFBVV95cUxQOTZhM0YwWi1PNGhDVWotVTZ6N3locFZ5NVBuRnMwcVlWWG1Ob3pUWWU5b1p2S2J2N0ZSSlRIeVdHNk81cURqRHFMS0k1b3VRRC1qZWl4NFl4OWRyN0RkQ05xdWlocnpLSWpzTEtvWHZ4dWF1MWFDUUVXZEVvMVY5b3BYS24wY1JkZ3ltd3p6SFdyZ3BzQVNfc3ljXzllc1NOaWVvN1l1a2lncTc1c01ZRUpVOTZGdHN2SFBLSEJPSEthSTlDZnc?oc=5","Culture or stewardship source from Psychedelic Alpha. Outsider summaries require humility and source awareness."
"brief-1","FDA allowed an early-phase noribogaine study to proceed in the U.S.","Weekly brief","Regulatory","Primary-source record","May 17, 2026","FDA","https://www.fda.gov/news-events/press-announcements/fda-accelerates-action-treatments-serious-mental-illness-following-executive-order","FDA announced that DemeRx NB may begin a closely monitored phase I noribogaine hydrochloride study for alcohol use disorder. What it does not mean: This is not drug approval, not a finding of safety or effectiveness, and not patient access guidance."
"brief-2","Oklahoma HB 3834 was approved by the governor.","Weekly brief","State Policy","Primary-source record","May 17, 2026","Oklahoma Legislature","https://www.oklegislature.gov/BillInfo.aspx?Bill=hb3834&Session=2600","Oklahoma's bill page shows HB 3834, the Oklahoma Breakthrough Therapy Act for ibogaine clinical trials, approved by the governor on May 12, 2026. What it does not mean: It does not make ibogaine FDA-approved and does not erase federal Schedule I constraints."
"brief-3","Texas remains the central public-funding case study.","Weekly brief","State Policy","Primary-source record","May 17, 2026","Texas Legislature Online","https://capitol.texas.gov/tlodocs/89R/billtext/html/SB02308F.htm","Texas SB 2308 created a pathway for a selected consortium to conduct ibogaine drug development clinical trials and includes a subchapter that applies only if FDA approves ibogaine for a medical condition. What it does not mean: Texas law is not proof of efficacy and does not mean treatment is available outside federal law and research controls."
"brief-4","Tennessee HOPE Act materials describe proposed ibogaine drug-development trials.","Weekly brief","State Policy","Primary-source record","May 17, 2026","Tennessee General Assembly Fiscal Review Committee","https://capitol.tn.gov/Bills/114/Fiscal/HB2075.pdf","The Tennessee fiscal note for HB 2075 / SB 2149 describes the Helping Open Pathways to Effective Treatment Act and proposed cohort-based ibogaine drug-development trials. What it does not mean: The fiscal note is not clinical evidence and explicitly frames key activity around FDA approval and state/federal constraints."
"brief-5","Podcast and interview discovery is now a standing intake lane.","Weekly brief","Media","Media","May 17, 2026","IbogaBase public catalog","data/public-search-index.json","The source catalog contains a growing podcast/interview directory and a dedicated Listening Library Curator role. What it does not mean: Interview statements are not treated as facts until converted into claim records and traced to supporting sources."
"policy-1","United States: 21 CFR 1308.11 federal Schedule I listing for Ibogaine","Laws and policy","Policy Tracker Row","Primary-source record","May 30, 2026","Cornell Legal Information Institute / eCFR mirror","https://www.law.cornell.edu/cfr/text/21/1308.11","Federal Schedule I Baseline. Allows: Establishes the federal baseline that Ibogaine is listed in Schedule I under U.S. controlled-substances regulations. Does not allow: Does not authorize medical treatment, prescribing, clinic access, or state-level exceptions that override federal law. Caveat: This remains the starting point for every U.S. state policy row unless and until federal law changes."
"policy-2","United States: FDA noribogaine IND-related clinical research action","Laws and policy","Policy Tracker Row","Primary-source record","May 30, 2026","FDA press announcement","https://www.fda.gov/news-events/press-announcements/fda-accelerates-action-treatments-serious-mental-illness-following-executive-order","Early Phase Study Allowed To Proceed. Allows: DemeRx NB may begin a phase I noribogaine hydrochloride study in a closely monitored U.S. clinical setting. Does not allow: Not FDA approval, not proof of safety or effectiveness, and not a general treatment access pathway. Caveat: Noribogaine research language is separate from Ibogaine treatment access."
"policy-3","Arizona: HB 2871, appropriation for Ibogaine clinical research study","Laws and policy","Policy Tracker Row","Primary-source record","May 30, 2026","Arizona House bill summary","https://www.azleg.gov/legtext/57leg/1R/summary/H.HB2871_022425_CAUCUSCOW.DOCX.htm","2025 Bill Dead Or Not Carried Forward In Tracker. Allows: The proposal would have appropriated state funds for a certified clinical research study on Ibogaine for neurological diseases. Does not allow: This tracker does not treat the proposal as current access or an enacted 2026 program without a newer official status source. Caveat: Federal Schedule I and FDA/DEA/IRB requirements would remain controlling."
"policy-4","Colorado: HB26-1325, Natural Medicine / Ibogaine research pilot program","Laws and policy","Policy Tracker Row","Primary-source record","May 30, 2026","Colorado General Assembly bill page","https://leg.colorado.gov/bills/HB26-1325","Passed Legislature Awaiting Enactment Check. Allows: Creates an Ibogaine research pilot program lane, allows up to five pilot sites, includes possible rulemaking around administration/manufacturing/use, and adds benefit-sharing language tied to Indigenous communities. Does not allow: Does not make unsupervised Ibogaine use lawful and should not be read as FDA approval, proof of efficacy, or a provider referral pathway. Caveat: Any research or clinical activity remains constrained by federal law and applicable approvals."
"policy-5","Kentucky: SB 77, Ibogaine research in the Commonwealth","Laws and policy","Policy Tracker Row","Primary-source record","May 30, 2026","Kentucky Legislature bill record","https://apps.legislature.ky.gov/record/26rs/sb77.html","Enacted After Veto Override Acts Ch 158. Allows: Establishes a state framework for Ibogaine research and intellectual-property development through a public-private partnership approach. Does not allow: The enacted framework does not create general treatment access or FDA approval. Caveat: Federal Schedule I status and FDA approval requirements remain central."
"policy-6","Louisiana: SB 43, psychedelic-assisted therapy / clinical research language","Laws and policy","Policy Tracker Row","Primary-source record","May 30, 2026","Louisiana Legislature bill page","https://legis.la.gov/Legis/BillInfo.aspx?i=249751","Passed House Returned For Senate Action Check. Allows: The bill record describes psychedelic-assisted therapy legislation and has included Ibogaine-related clinical-study discussion in public tracking. Does not allow: Do not treat this as final law or treatment access until final enrollment/signature status is confirmed. Caveat: Federal law, FDA authorization, and state implementation details remain controlling."
"policy-7","Maryland: SB 527 / HB 1477, Ibogaine Clinical Research Grant Program","Laws and policy","Policy Tracker Row","Primary-source record","May 30, 2026","Maryland General Assembly bill text","https://www.mgaleg.maryland.gov/2026RS/bills/sb/sb0527F.pdf","Introduced With Hearing Activity. Allows: Would establish an Ibogaine Clinical Research Grant Program and include it as an authorized use of Opioid Restitution Fund money. Does not allow: Introduced/hearing activity is not enactment and does not authorize treatment access. Caveat: Any funded research would still need applicable federal authorization."
"policy-8","Mississippi: HB 314, Ibogaine Drug Development Clinical Trial Act","Laws and policy","Policy Tracker Row","Primary-source record","May 30, 2026","Mississippi Legislature bill text as sent to governor","https://billstatus.ls.state.ms.us/documents/2026/html/HB/0300-0399/HB0314SG.htm","Approved By Governor Effective 2026 07 01. Allows: Creates a state framework for an Ibogaine drug-development clinical trial consortium and coordination with a lead consortium in another state. Does not allow: Does not provide routine clinical access; treatment-administration provisions depend on FDA approval or lawful federal authorization. Caveat: Federal waiver, authorization, IND, and FDA approval language remains central."
"policy-9","Ohio: Ibogaine Treatment Study Committee","Laws and policy","Policy Tracker Row","Primary-source record","May 30, 2026","Ohio Legislative Service Commission board record","https://www.lsc.ohio.gov/publications/boards-and-commissions/ibogaine-treatment-study-committee","Study Committee Current Report Due 2027 12 31. Allows: Creates and maintains a temporary study committee to evaluate Ibogaine treatment issues and make legislative recommendations. Does not allow: A study committee is not legalization, treatment access, a clinical trial authorization, or FDA approval. Caveat: Federal Schedule I status remains unchanged."
"policy-10","Oklahoma: HB 3834, Oklahoma Breakthrough Therapy Act","Laws and policy","Policy Tracker Row","Primary-source record","May 30, 2026","Oklahoma Legislature bill history","https://www.oklegislature.gov/BillInfo.aspx?Bill=hb3834&Session=2600","Approved By Governor. Allows: Creates a state framework related to Ibogaine clinical trials and drug-development requirements. Does not allow: Does not make Ibogaine FDA-approved and does not by itself authorize unsupervised treatment or provider referral. Caveat: Federal Schedule I status and FDA/DEA/IRB requirements remain central."
"policy-11","Oklahoma: HB 4293, Veterans Mental Health Innovation Act","Laws and policy","Policy Tracker Row","Primary-source record","May 30, 2026","Oklahoma Legislature bill history","https://www.oklegislature.gov/BillInfo.aspx?Bill=HB4293&Session=2600&Tab=0","Introduced Referred To Rules. Allows: Would authorize scientific research and clinical trials related to Ibogaine with registration and immunity language. Does not allow: Introduced/referred language is not enactment and does not create general treatment access. Caveat: Federal authorization and controlled-substance constraints remain central."
"policy-12","Oregon: HB 4110, physician-supervised Ibogaine proposal","Laws and policy","Policy Tracker Row","Primary-source record","May 30, 2026","Oregon Legislative Information System","https://olis.oregonlegislature.gov/liz/2026R1/Measures/Overview/HB4110","In House Committee. Allows: Would allow an attending physician to provide Ibogaine to a patient for specified disorders and exempt specified use from controlled-substance definition if enacted. Does not allow: As an in-committee bill, it does not create current legal access or override federal law. Caveat: DEA/FDA constraints and federal Schedule I status remain unresolved."
"policy-13","Tennessee: HB 2075 / SB 2149, HOPE Treatment Act","Laws and policy","Policy Tracker Row","Primary-source record","May 30, 2026","Tennessee General Assembly bill information","https://wapp.capitol.tn.gov/apps/BillInfo/Default?BillNumber=SB2149","Passed Both Chambers Senate Concurred House Amendment. Allows: Authorizes Tennessee research institutions to participate in federally authorized clinical trials involving Ibogaine under specified safety and compliance conditions. Does not allow: Does not authorize routine clinical treatment, non-research possession, or self-directed access. Caveat: Clinical work must comply with a valid FDA IND or other federal authorization when required."
"policy-14","Texas: SB 2308, Ibogaine drug development clinical trials","Laws and policy","Policy Tracker Row","Primary-source record","May 30, 2026","Texas Legislature enrolled bill text","https://capitol.texas.gov/tlodocs/89R/billtext/html/SB02308F.htm","Enrolled Law Effective 2025. Allows: Creates a pathway for a selected consortium and interagency contract for Ibogaine drug development clinical trials. Does not allow: Treatment-administration provisions apply only if FDA approves Ibogaine to treat a medical condition. Caveat: Implementation may require federal waiver or authorization; clinical work remains subject to federal law."
"policy-15","Texas: State-funded IMPACT Ibogaine clinical trials program","Laws and policy","Policy Tracker Row","Primary-source record","May 30, 2026","Texas Tribune reporting with state-program context","https://www.texastribune.org/2026/03/31/texas-ibogaine-research-clinical-trials-psychedelics/","State Research Program Announced After Partner Search. Allows: Tracks Texas' move toward state-run or state-funded clinical trials after difficulty finding a drug-company partner. Does not allow: Reporting about implementation does not mean treatment access, FDA approval, or proof that trials are already enrolling. Caveat: Federal law and trial authorization remain central."
"policy-16","Vermont: H.859, psychedelic therapy and Ibogaine clinical drug development trials","Laws and policy","Policy Tracker Row","Primary-source record","May 30, 2026","Vermont Legislature bill text","https://legislature.vermont.gov/Documents/2026/Docs/BILLS/H-0859/H-0859%20As%20Introduced.pdf","Introduced. Allows: Would establish a Psychedelic Therapy Advisory Board and require the Department of Health to contract with a Vermont entity for Ibogaine clinical drug-development trials. Does not allow: Introduced bill language is not enactment and does not authorize treatment access. Caveat: Federal authorization remains required for clinical drug-development work."
"policy-17","West Virginia: HB 4626, grant program for FDA drug-development trials with Ibogaine","Laws and policy","Policy Tracker Row","Primary-source record","May 30, 2026","West Virginia Legislature bill history","https://www.wvlegislature.gov/Bill_Status/bills_history.cfm?input=4626&sessiontype=RS&year=2026","Vetoed. Allows: Would have established a grant program to fund FDA drug-development trials with Ibogaine. Does not allow: Because it was vetoed, it should not be treated as current law or active access. Caveat: Federal Schedule I and FDA approval constraints remain unchanged."
"state-policy-alabama","Alabama Ibogaine policy coverage","State policy coverage","State Policy Coverage Row","State policy coverage row","May 30, 2026","IbogaBase state policy coverage","#policy-tracker-table","No state-specific Iboga/Ibogaine policy record is currently in the IbogaBase tracker for Alabama as of 2026-05-30. This is legal information tracking, not legal advice; untracked does not mean legally impossible or definitively absent."
"state-policy-alaska","Alaska Ibogaine policy coverage","State policy coverage","State Policy Coverage Row","State policy coverage row","May 30, 2026","IbogaBase state policy coverage","#policy-tracker-table","No state-specific Iboga/Ibogaine policy record is currently in the IbogaBase tracker for Alaska as of 2026-05-30. This is legal information tracking, not legal advice; untracked does not mean legally impossible or definitively absent."
"state-policy-arizona","Arizona Ibogaine policy coverage","State policy coverage","State Policy Coverage Row","State policy coverage row","May 30, 2026","IbogaBase state policy coverage","#policy-tracker-table","IbogaBase tracks 1 state-specific Iboga/Ibogaine policy record(s) for Arizona: HB 2871, appropriation for Ibogaine clinical research study (2025 Bill Dead Or Not Carried Forward In Tracker). This is legal information tracking, not legal advice; untracked does not mean legally impossible or definitively absent."
"state-policy-arkansas","Arkansas Ibogaine policy coverage","State policy coverage","State Policy Coverage Row","State policy coverage row","May 30, 2026","IbogaBase state policy coverage","#policy-tracker-table","No state-specific Iboga/Ibogaine policy record is currently in the IbogaBase tracker for Arkansas as of 2026-05-30. This is legal information tracking, not legal advice; untracked does not mean legally impossible or definitively absent."
"state-policy-california","California Ibogaine policy coverage","State policy coverage","State Policy Coverage Row","State policy coverage row","May 30, 2026","IbogaBase state policy coverage","#policy-tracker-table","No state-specific Iboga/Ibogaine policy record is currently in the IbogaBase tracker for California as of 2026-05-30. This is legal information tracking, not legal advice; untracked does not mean legally impossible or definitively absent."
"state-policy-colorado","Colorado Ibogaine policy coverage","State policy coverage","State Policy Coverage Row","State policy coverage row","May 30, 2026","IbogaBase state policy coverage","#policy-tracker-table","IbogaBase tracks 1 state-specific Iboga/Ibogaine policy record(s) for Colorado: HB26-1325, Natural Medicine / Ibogaine research pilot program (Passed Legislature Awaiting Enactment Check). This is legal information tracking, not legal advice; untracked does not mean legally impossible or definitively absent."
"state-policy-connecticut","Connecticut Ibogaine policy coverage","State policy coverage","State Policy Coverage Row","State policy coverage row","May 30, 2026","IbogaBase state policy coverage","#policy-tracker-table","No state-specific Iboga/Ibogaine policy record is currently in the IbogaBase tracker for Connecticut as of 2026-05-30. This is legal information tracking, not legal advice; untracked does not mean legally impossible or definitively absent."
"state-policy-delaware","Delaware Ibogaine policy coverage","State policy coverage","State Policy Coverage Row","State policy coverage row","May 30, 2026","IbogaBase state policy coverage","#policy-tracker-table","No state-specific Iboga/Ibogaine policy record is currently in the IbogaBase tracker for Delaware as of 2026-05-30. This is legal information tracking, not legal advice; untracked does not mean legally impossible or definitively absent."
"state-policy-district-of-columbia","District of Columbia Ibogaine policy coverage","State policy coverage","State Policy Coverage Row","State policy coverage row","May 30, 2026","IbogaBase state policy coverage","#policy-tracker-table","No state-specific Iboga/Ibogaine policy record is currently in the IbogaBase tracker for District of Columbia as of 2026-05-30. This is legal information tracking, not legal advice; untracked does not mean legally impossible or definitively absent."
"state-policy-florida","Florida Ibogaine policy coverage","State policy coverage","State Policy Coverage Row","State policy coverage row","May 30, 2026","IbogaBase state policy coverage","#policy-tracker-table","No state-specific Iboga/Ibogaine policy record is currently in the IbogaBase tracker for Florida as of 2026-05-30. This is legal information tracking, not legal advice; untracked does not mean legally impossible or definitively absent."
"state-policy-georgia","Georgia Ibogaine policy coverage","State policy coverage","State Policy Coverage Row","State policy coverage row","May 30, 2026","IbogaBase state policy coverage","#policy-tracker-table","No state-specific Iboga/Ibogaine policy record is currently in the IbogaBase tracker for Georgia as of 2026-05-30. This is legal information tracking, not legal advice; untracked does not mean legally impossible or definitively absent."
"state-policy-hawaii","Hawaii Ibogaine policy coverage","State policy coverage","State Policy Coverage Row","State policy coverage row","May 30, 2026","IbogaBase state policy coverage","#policy-tracker-table","No state-specific Iboga/Ibogaine policy record is currently in the IbogaBase tracker for Hawaii as of 2026-05-30. This is legal information tracking, not legal advice; untracked does not mean legally impossible or definitively absent."
"state-policy-idaho","Idaho Ibogaine policy coverage","State policy coverage","State Policy Coverage Row","State policy coverage row","May 30, 2026","IbogaBase state policy coverage","#policy-tracker-table","No state-specific Iboga/Ibogaine policy record is currently in the IbogaBase tracker for Idaho as of 2026-05-30. This is legal information tracking, not legal advice; untracked does not mean legally impossible or definitively absent."
"state-policy-illinois","Illinois Ibogaine policy coverage","State policy coverage","State Policy Coverage Row","State policy coverage row","May 30, 2026","IbogaBase state policy coverage","#policy-tracker-table","No state-specific Iboga/Ibogaine policy record is currently in the IbogaBase tracker for Illinois as of 2026-05-30. This is legal information tracking, not legal advice; untracked does not mean legally impossible or definitively absent."
"state-policy-indiana","Indiana Ibogaine policy coverage","State policy coverage","State Policy Coverage Row","State policy coverage row","May 30, 2026","IbogaBase state policy coverage","#policy-tracker-table","No state-specific Iboga/Ibogaine policy record is currently in the IbogaBase tracker for Indiana as of 2026-05-30. This is legal information tracking, not legal advice; untracked does not mean legally impossible or definitively absent."
"state-policy-iowa","Iowa Ibogaine policy coverage","State policy coverage","State Policy Coverage Row","State policy coverage row","May 30, 2026","IbogaBase state policy coverage","#policy-tracker-table","No state-specific Iboga/Ibogaine policy record is currently in the IbogaBase tracker for Iowa as of 2026-05-30. This is legal information tracking, not legal advice; untracked does not mean legally impossible or definitively absent."
"state-policy-kansas","Kansas Ibogaine policy coverage","State policy coverage","State Policy Coverage Row","State policy coverage row","May 30, 2026","IbogaBase state policy coverage","#policy-tracker-table","No state-specific Iboga/Ibogaine policy record is currently in the IbogaBase tracker for Kansas as of 2026-05-30. This is legal information tracking, not legal advice; untracked does not mean legally impossible or definitively absent."
"state-policy-kentucky","Kentucky Ibogaine policy coverage","State policy coverage","State Policy Coverage Row","State policy coverage row","May 30, 2026","IbogaBase state policy coverage","#policy-tracker-table","IbogaBase tracks 1 state-specific Iboga/Ibogaine policy record(s) for Kentucky: SB 77, Ibogaine research in the Commonwealth (Enacted After Veto Override Acts Ch 158). This is legal information tracking, not legal advice; untracked does not mean legally impossible or definitively absent."
"state-policy-louisiana","Louisiana Ibogaine policy coverage","State policy coverage","State Policy Coverage Row","State policy coverage row","May 30, 2026","IbogaBase state policy coverage","#policy-tracker-table","IbogaBase tracks 1 state-specific Iboga/Ibogaine policy record(s) for Louisiana: SB 43, psychedelic-assisted therapy / clinical research language (Passed House Returned For Senate Action Check). This is legal information tracking, not legal advice; untracked does not mean legally impossible or definitively absent."
"state-policy-maine","Maine Ibogaine policy coverage","State policy coverage","State Policy Coverage Row","State policy coverage row","May 30, 2026","IbogaBase state policy coverage","#policy-tracker-table","No state-specific Iboga/Ibogaine policy record is currently in the IbogaBase tracker for Maine as of 2026-05-30. This is legal information tracking, not legal advice; untracked does not mean legally impossible or definitively absent."
"state-policy-maryland","Maryland Ibogaine policy coverage","State policy coverage","State Policy Coverage Row","State policy coverage row","May 30, 2026","IbogaBase state policy coverage","#policy-tracker-table","IbogaBase tracks 1 state-specific Iboga/Ibogaine policy record(s) for Maryland: SB 527 / HB 1477, Ibogaine Clinical Research Grant Program (Introduced With Hearing Activity). This is legal information tracking, not legal advice; untracked does not mean legally impossible or definitively absent."
"state-policy-massachusetts","Massachusetts Ibogaine policy coverage","State policy coverage","State Policy Coverage Row","State policy coverage row","May 30, 2026","IbogaBase state policy coverage","#policy-tracker-table","No state-specific Iboga/Ibogaine policy record is currently in the IbogaBase tracker for Massachusetts as of 2026-05-30. This is legal information tracking, not legal advice; untracked does not mean legally impossible or definitively absent."
"state-policy-michigan","Michigan Ibogaine policy coverage","State policy coverage","State Policy Coverage Row","State policy coverage row","May 30, 2026","IbogaBase state policy coverage","#policy-tracker-table","No state-specific Iboga/Ibogaine policy record is currently in the IbogaBase tracker for Michigan as of 2026-05-30. This is legal information tracking, not legal advice; untracked does not mean legally impossible or definitively absent."
"state-policy-minnesota","Minnesota Ibogaine policy coverage","State policy coverage","State Policy Coverage Row","State policy coverage row","May 30, 2026","IbogaBase state policy coverage","#policy-tracker-table","No state-specific Iboga/Ibogaine policy record is currently in the IbogaBase tracker for Minnesota as of 2026-05-30. This is legal information tracking, not legal advice; untracked does not mean legally impossible or definitively absent."
"state-policy-mississippi","Mississippi Ibogaine policy coverage","State policy coverage","State Policy Coverage Row","State policy coverage row","May 30, 2026","IbogaBase state policy coverage","#policy-tracker-table","IbogaBase tracks 1 state-specific Iboga/Ibogaine policy record(s) for Mississippi: HB 314, Ibogaine Drug Development Clinical Trial Act (Approved By Governor Effective 2026 07 01). This is legal information tracking, not legal advice; untracked does not mean legally impossible or definitively absent."
"state-policy-missouri","Missouri Ibogaine policy coverage","State policy coverage","State Policy Coverage Row","State policy coverage row","May 30, 2026","IbogaBase state policy coverage","#policy-tracker-table","No state-specific Iboga/Ibogaine policy record is currently in the IbogaBase tracker for Missouri as of 2026-05-30. This is legal information tracking, not legal advice; untracked does not mean legally impossible or definitively absent."
"state-policy-montana","Montana Ibogaine policy coverage","State policy coverage","State Policy Coverage Row","State policy coverage row","May 30, 2026","IbogaBase state policy coverage","#policy-tracker-table","No state-specific Iboga/Ibogaine policy record is currently in the IbogaBase tracker for Montana as of 2026-05-30. This is legal information tracking, not legal advice; untracked does not mean legally impossible or definitively absent."
"state-policy-nebraska","Nebraska Ibogaine policy coverage","State policy coverage","State Policy Coverage Row","State policy coverage row","May 30, 2026","IbogaBase state policy coverage","#policy-tracker-table","No state-specific Iboga/Ibogaine policy record is currently in the IbogaBase tracker for Nebraska as of 2026-05-30. This is legal information tracking, not legal advice; untracked does not mean legally impossible or definitively absent."
"state-policy-nevada","Nevada Ibogaine policy coverage","State policy coverage","State Policy Coverage Row","State policy coverage row","May 30, 2026","IbogaBase state policy coverage","#policy-tracker-table","No state-specific Iboga/Ibogaine policy record is currently in the IbogaBase tracker for Nevada as of 2026-05-30. This is legal information tracking, not legal advice; untracked does not mean legally impossible or definitively absent."
"state-policy-new-hampshire","New Hampshire Ibogaine policy coverage","State policy coverage","State Policy Coverage Row","State policy coverage row","May 30, 2026","IbogaBase state policy coverage","#policy-tracker-table","No state-specific Iboga/Ibogaine policy record is currently in the IbogaBase tracker for New Hampshire as of 2026-05-30. This is legal information tracking, not legal advice; untracked does not mean legally impossible or definitively absent."
"state-policy-new-jersey","New Jersey Ibogaine policy coverage","State policy coverage","State Policy Coverage Row","State policy coverage row","May 30, 2026","IbogaBase state policy coverage","#policy-tracker-table","No state-specific Iboga/Ibogaine policy record is currently in the IbogaBase tracker for New Jersey as of 2026-05-30. This is legal information tracking, not legal advice; untracked does not mean legally impossible or definitively absent."
"state-policy-new-mexico","New Mexico Ibogaine policy coverage","State policy coverage","State Policy Coverage Row","State policy coverage row","May 30, 2026","IbogaBase state policy coverage","#policy-tracker-table","No state-specific Iboga/Ibogaine policy record is currently in the IbogaBase tracker for New Mexico as of 2026-05-30. This is legal information tracking, not legal advice; untracked does not mean legally impossible or definitively absent."
"state-policy-new-york","New York Ibogaine policy coverage","State policy coverage","State Policy Coverage Row","State policy coverage row","May 30, 2026","IbogaBase state policy coverage","#policy-tracker-table","No state-specific Iboga/Ibogaine policy record is currently in the IbogaBase tracker for New York as of 2026-05-30. This is legal information tracking, not legal advice; untracked does not mean legally impossible or definitively absent."
"state-policy-north-carolina","North Carolina Ibogaine policy coverage","State policy coverage","State Policy Coverage Row","State policy coverage row","May 30, 2026","IbogaBase state policy coverage","#policy-tracker-table","No state-specific Iboga/Ibogaine policy record is currently in the IbogaBase tracker for North Carolina as of 2026-05-30. This is legal information tracking, not legal advice; untracked does not mean legally impossible or definitively absent."
"state-policy-north-dakota","North Dakota Ibogaine policy coverage","State policy coverage","State Policy Coverage Row","State policy coverage row","May 30, 2026","IbogaBase state policy coverage","#policy-tracker-table","No state-specific Iboga/Ibogaine policy record is currently in the IbogaBase tracker for North Dakota as of 2026-05-30. This is legal information tracking, not legal advice; untracked does not mean legally impossible or definitively absent."
"state-policy-ohio","Ohio Ibogaine policy coverage","State policy coverage","State Policy Coverage Row","State policy coverage row","May 30, 2026","IbogaBase state policy coverage","#policy-tracker-table","IbogaBase tracks 1 state-specific Iboga/Ibogaine policy record(s) for Ohio: Ibogaine Treatment Study Committee (Study Committee Current Report Due 2027 12 31). This is legal information tracking, not legal advice; untracked does not mean legally impossible or definitively absent."
"state-policy-oklahoma","Oklahoma Ibogaine policy coverage","State policy coverage","State Policy Coverage Row","State policy coverage row","May 30, 2026","IbogaBase state policy coverage","#policy-tracker-table","IbogaBase tracks 2 state-specific Iboga/Ibogaine policy record(s) for Oklahoma: HB 3834, Oklahoma Breakthrough Therapy Act (Approved By Governor); HB 4293, Veterans Mental Health Innovation Act (Introduced Referred To Rules). This is legal information tracking, not legal advice; untracked does not mean legally impossible or definitively absent."
"state-policy-oregon","Oregon Ibogaine policy coverage","State policy coverage","State Policy Coverage Row","State policy coverage row","May 30, 2026","IbogaBase state policy coverage","#policy-tracker-table","IbogaBase tracks 1 state-specific Iboga/Ibogaine policy record(s) for Oregon: HB 4110, physician-supervised Ibogaine proposal (In House Committee). This is legal information tracking, not legal advice; untracked does not mean legally impossible or definitively absent."
"state-policy-pennsylvania","Pennsylvania Ibogaine policy coverage","State policy coverage","State Policy Coverage Row","State policy coverage row","May 30, 2026","IbogaBase state policy coverage","#policy-tracker-table","No state-specific Iboga/Ibogaine policy record is currently in the IbogaBase tracker for Pennsylvania as of 2026-05-30. This is legal information tracking, not legal advice; untracked does not mean legally impossible or definitively absent."
"state-policy-rhode-island","Rhode Island Ibogaine policy coverage","State policy coverage","State Policy Coverage Row","State policy coverage row","May 30, 2026","IbogaBase state policy coverage","#policy-tracker-table","No state-specific Iboga/Ibogaine policy record is currently in the IbogaBase tracker for Rhode Island as of 2026-05-30. This is legal information tracking, not legal advice; untracked does not mean legally impossible or definitively absent."
"state-policy-south-carolina","South Carolina Ibogaine policy coverage","State policy coverage","State Policy Coverage Row","State policy coverage row","May 30, 2026","IbogaBase state policy coverage","#policy-tracker-table","No state-specific Iboga/Ibogaine policy record is currently in the IbogaBase tracker for South Carolina as of 2026-05-30. This is legal information tracking, not legal advice; untracked does not mean legally impossible or definitively absent."
"state-policy-south-dakota","South Dakota Ibogaine policy coverage","State policy coverage","State Policy Coverage Row","State policy coverage row","May 30, 2026","IbogaBase state policy coverage","#policy-tracker-table","No state-specific Iboga/Ibogaine policy record is currently in the IbogaBase tracker for South Dakota as of 2026-05-30. This is legal information tracking, not legal advice; untracked does not mean legally impossible or definitively absent."
"state-policy-tennessee","Tennessee Ibogaine policy coverage","State policy coverage","State Policy Coverage Row","State policy coverage row","May 30, 2026","IbogaBase state policy coverage","#policy-tracker-table","IbogaBase tracks 1 state-specific Iboga/Ibogaine policy record(s) for Tennessee: HB 2075 / SB 2149, HOPE Treatment Act (Passed Both Chambers Senate Concurred House Amendment). This is legal information tracking, not legal advice; untracked does not mean legally impossible or definitively absent."
"state-policy-texas","Texas Ibogaine policy coverage","State policy coverage","State Policy Coverage Row","State policy coverage row","May 30, 2026","IbogaBase state policy coverage","#policy-tracker-table","IbogaBase tracks 2 state-specific Iboga/Ibogaine policy record(s) for Texas: SB 2308, Ibogaine drug development clinical trials (Enrolled Law Effective 2025); State-funded IMPACT Ibogaine clinical trials program (State Research Program Announced After Partner Search). This is legal information tracking, not legal advice; untracked does not mean legally impossible or definitively absent."
"state-policy-utah","Utah Ibogaine policy coverage","State policy coverage","State Policy Coverage Row","State policy coverage row","May 30, 2026","IbogaBase state policy coverage","#policy-tracker-table","No state-specific Iboga/Ibogaine policy record is currently in the IbogaBase tracker for Utah as of 2026-05-30. This is legal information tracking, not legal advice; untracked does not mean legally impossible or definitively absent."
"state-policy-vermont","Vermont Ibogaine policy coverage","State policy coverage","State Policy Coverage Row","State policy coverage row","May 30, 2026","IbogaBase state policy coverage","#policy-tracker-table","IbogaBase tracks 1 state-specific Iboga/Ibogaine policy record(s) for Vermont: H.859, psychedelic therapy and Ibogaine clinical drug development trials (Introduced). This is legal information tracking, not legal advice; untracked does not mean legally impossible or definitively absent."
"state-policy-virginia","Virginia Ibogaine policy coverage","State policy coverage","State Policy Coverage Row","State policy coverage row","May 30, 2026","IbogaBase state policy coverage","#policy-tracker-table","No state-specific Iboga/Ibogaine policy record is currently in the IbogaBase tracker for Virginia as of 2026-05-30. This is legal information tracking, not legal advice; untracked does not mean legally impossible or definitively absent."
"state-policy-washington","Washington Ibogaine policy coverage","State policy coverage","State Policy Coverage Row","State policy coverage row","May 30, 2026","IbogaBase state policy coverage","#policy-tracker-table","No state-specific Iboga/Ibogaine policy record is currently in the IbogaBase tracker for Washington as of 2026-05-30. This is legal information tracking, not legal advice; untracked does not mean legally impossible or definitively absent."
"state-policy-west-virginia","West Virginia Ibogaine policy coverage","State policy coverage","State Policy Coverage Row","State policy coverage row","May 30, 2026","IbogaBase state policy coverage","#policy-tracker-table","IbogaBase tracks 1 state-specific Iboga/Ibogaine policy record(s) for West Virginia: HB 4626, grant program for FDA drug-development trials with Ibogaine (Vetoed). This is legal information tracking, not legal advice; untracked does not mean legally impossible or definitively absent."
"state-policy-wisconsin","Wisconsin Ibogaine policy coverage","State policy coverage","State Policy Coverage Row","State policy coverage row","May 30, 2026","IbogaBase state policy coverage","#policy-tracker-table","No state-specific Iboga/Ibogaine policy record is currently in the IbogaBase tracker for Wisconsin as of 2026-05-30. This is legal information tracking, not legal advice; untracked does not mean legally impossible or definitively absent."
"state-policy-wyoming","Wyoming Ibogaine policy coverage","State policy coverage","State Policy Coverage Row","State policy coverage row","May 30, 2026","IbogaBase state policy coverage","#policy-tracker-table","No state-specific Iboga/Ibogaine policy record is currently in the IbogaBase tracker for Wyoming as of 2026-05-30. This is legal information tracking, not legal advice; untracked does not mean legally impossible or definitively absent."
"condition-oud","Opioid use disorder evidence page","Evidence pages","Condition Evidence Template","Evidence framework","","IbogaBase evidence framework","#evidence-matrix","Evidence level: early human and observational. Human evidence: Observational detoxification reports, follow-up studies, and registered oral Ibogaine withdrawal research. Main limitation: Durability, relapse denominator data, missing follow-up, concurrent supports, and adverse-event denominator data remain incomplete. Safety: Cardiac risk, concurrent substances, withdrawal physiology, electrolyte issues, psychiatric status, and medication interactions. Not proven: Ibogaine is not proven to cure opioid addiction."
"condition-aud","Alcohol use disorder evidence page","Evidence pages","Condition Evidence Template","Evidence framework","","IbogaBase evidence framework","#evidence-matrix","Evidence level: investigational. Human evidence: FDA allowed an early phase U.S. Noribogaine hydrochloride study to proceed after an IND submission in April 2026. Main limitation: Noribogaine, Ibogaine, plant Iboga, alcohol-withdrawal risk, and clinic claims are separate subjects. Safety: Alcohol withdrawal, liver health, medications, QT/QTc, electrolytes, and monitoring requirements. Not proven: Noribogaine is not FDA-approved for alcohol use disorder."
"condition-tbi","Traumatic brain injury evidence page","Evidence pages","Condition Evidence Template","Evidence framework","","IbogaBase evidence framework","#evidence-matrix","Evidence level: notable open label human signal. Human evidence: A 30-person veteran prospective observational study and later neurophysiology work drew attention and require side-by-side design-limit explanation. Main limitation: Small sample, male veteran population, Mexico treatment setting, concurrent supports, selection effects, and short follow-up. Safety: Screening, cardiac monitoring, magnesium context, psychiatric history, and follow-up. Not proven: Ibogaine is not proven as a general TBI treatment."
"condition-ptsd","PTSD and trauma symptoms evidence page","Evidence pages","Condition Evidence Template","Evidence framework","","IbogaBase evidence framework","#evidence-matrix","Evidence level: secondary outcomes and observational. Human evidence: PTSD-related signals often appear within veteran or substance-use populations rather than standalone PTSD trials. Main limitation: Confounding, expectation effects, integration/support differences, psychiatric exclusions, and concurrent interventions. Safety: Psychiatric destabilization, suicidality screening, medications, acute monitoring, and post-session support. Not proven: Ibogaine is not proven as a PTSD treatment."
"condition-depression","Depression and mood symptoms evidence page","Evidence pages","Condition Evidence Template","Evidence framework","","IbogaBase evidence framework","#evidence-matrix","Evidence level: secondary outcomes and small reports. Human evidence: Mood improvements appear in some Ibogaine-related observational and veteran studies, usually as secondary outcomes. Main limitation: Expectation effects, concurrent treatment, post-acute recovery, integration, and regression to the mean can affect mood measures. Safety: Suicidality, bipolar disorder, psychosis risk, serotonergic medications, sleep disruption, and cardiac risk. Not proven: Ibogaine is not proven as a depression treatment."
"condition-anxiety","Anxiety symptoms evidence page","Evidence pages","Condition Evidence Template","Evidence framework","","IbogaBase evidence framework","#evidence-matrix","Evidence level: secondary outcomes. Human evidence: Anxiety outcomes are usually measured within TBI, PTSD, or substance-use populations rather than as a standalone indication. Main limitation: Anxiety can change with withdrawal relief, sleep, expectation, setting, or integration support. Safety: Acute distress, panic, psychiatric destabilization, benzodiazepines, serotonergic drugs, and cardiac monitoring. Not proven: Ibogaine is not proven as an anxiety treatment."
"condition-parkinsons","Parkinson's disease evidence page","Evidence pages","Condition Evidence Template","Case report","","IbogaBase evidence framework","#evidence-matrix","Evidence level: case report watchlist. Human evidence: A 2026 peer-reviewed case report describes one patient treated with low-dose Ibogaine hydrochloride over 80 days using validated Parkinson's instruments. Main limitation: One-patient evidence is highly uncertain and vulnerable to placebo, expectation, medication changes, and disease variability. Safety: Age, cardiac status, neurological comorbidity, drug interactions, sleep worsening, and medication changes. Not proven: Ibogaine is not proven as a Parkinson's treatment."
"condition-withdrawal_craving","Withdrawal and cravings evidence page","Evidence pages","Condition Evidence Template","Evidence framework","","IbogaBase evidence framework","#evidence-matrix","Evidence level: early human signal by context. Human evidence: Withdrawal and craving findings appear in OUD studies, observational detoxification reports, and substance-use reviews. Main limitation: Concurrent medications, setting, expectation, follow-up loss, and substance-specific withdrawal risks can change interpretation. Safety: Withdrawal physiology, dehydration, electrolytes, cardiac risk, benzodiazepines, alcohol, stimulants, opioids, and polysubstance use. Not proven: Craving reduction or withdrawal relief is not the same as a cure."
"clinic-observatory-1","Clinic claim monitoring","Clinics","Clinic Observatory Schema","Claim record","","IbogaBase Clinic Observatory","#clinics","Clinic entries track public claims, locations, safety statements, outcome language, and adverse-event signals. IbogaBase does not rank clinics or provide referrals."
"clinic-observatory-2","Ambio Life Sciences","Clinics","Clinic Observatory Schema","Peer-reviewed source","","IbogaBase Clinic Observatory","#clinics","Ambio is included as a clinic/company/research-site claim record because it appears in peer-reviewed research and public reporting. This is not a referral, ranking, endorsement, or provider recommendation."
"site-topic-bwiti-history","Bwiti history and public cultural context","Culture and stewardship","Culture Context","Culture context","2026-05-30T16:03:37.401Z","IbogaBase culture reference","#history","Public-facing orientation to Iboga's Central African context, Gabon, Bwiti/Bwete, Misoko/Missoko, Fang contexts, stewardship, and protected knowledge boundaries."
"site-topic-cyp2d6","CYP2D6, medication interactions, and Ibogaine safety","Reference pages","Safety Topic","Safety topic","2026-05-30T16:03:37.401Z","IbogaBase safety reference","#safety","Safety orientation for CYP2D6 metabolism, QT/QTc risk, polypharmacy, serotonergic and stimulant risks, electrolyte issues, exclusions, and emergency-readiness standards."
"site-topic-claim-cures-addiction","Claim check: Ibogaine cures addiction","Reference pages","Claim Check","Claim record","2026-05-30T16:03:37.401Z","IbogaBase claim check","#claims","Verdict: overstated. Human evidence suggests possible effects on opioid withdrawal and craving in some settings, but cure language is unsupported and ignores relapse, safety risk, selection bias, and incomplete long-term data."